Workbook

Sheet 사용법
A1: 오수관로 수리계산 검증 시트 (BC 노선 30개 관로)
A3: 목적: 종단 편집기가 하는 수리계산을 엑셀 함수로 그대로 풀어, 계산이 제대로 되는지 눈으로 확인합니다.
A5: 시트 구성
A6: 설정 : 판정 기준값 (최소유속, 토피 등). 파란 글씨 = 직접 바꿀 수 있는 입력값
A7: 입력 : BC 노선 입력자료 (PipeTools 수리계산 시트와 같은 값). 파란 글씨 = 입력값, 바꾸면 전체가 다시 계산됨
A8: 계산 : 유량 누가 → 만관 유량·유속 → 등류수심·실유속 → 여유율·유속·토피 판정 (모두 함수)
A9: 수심반복 : 등류수심을 구하는 이분법 40회를 칸마다 풀어 쓴 시트 (엑셀에는 반복 계산 함수가 없어서)
A10: 검증 : 엑셀 계산값 · PipeTools 결과(rpt) · 종단 편집기 계산값을 나란히 놓고 차이를 표시
A12: 계산 순서와 식
A13: 1. 자체 인구 = 유역면적 × 인구밀도, 누가 인구 = 자체 인구 + 바로 윗 관로의 누가 인구
A14: 2. 자체 오수량 [m³/s] = (오수원단위 × P.F + 지하수원단위) × 자체 인구 / 86,400,000 + 직접 유입
A15: 누가 유량 Q = 자체 오수량 + 바로 윗 관로의 누가 유량
... A29: · 입력값은 사용자가 올린 PipeTools BC 노선 자료에서 읽은 값입니다.

Sheet 설정
A1: 판정 기준 설정
A3: 항목 | B3: 값 | C3: 설명
A4: 최소 유속 [m/s] | B4: 0.6 | C4: 이 값 미만이면 유지관리(주의)
A5: 최대 유속 [m/s] | B5: 3 | C5: 초과하면 NG
A6: 유지관리 하한 유속 [m/s] | B6: 0.3 | C6: 미만이면 NG (불량)
A7: 최소 토피 [m] | B7: 1 | C7: 상류단 기준 (PipeTools rpt 와 같음)
A8: 급경사 기준 [‰] | B8: 100 | C8: 이 경사 이상에서 유속 NG 는 구배10.0%이상 으로 표시
A9: 허용 수심비 (원형) | B9: 1 | C9: 1.0 = 만관유량이 허용유량 (이 시트는 1.0 만 지원)
A10: θmax (수심비 0.938 의 중심각) [rad] | B10: =2*ACOS(1-2*0.938) -> 5.2766032 | C10: 이분법 탐색 범위 상한. 이보다 큰 유량은 만관으로 봄 (PipeTools 와 같은 처리)
A11: 일 환산 상수 | B11: 86400000 | C11: L/일 → m³/s : ÷ 86,400,000
A13: 여유율 (하수도시설기준 오수관거)
A14: 관경 상한 [mm] | B14: 여유율 | C14: 비고
A15: 600 | B15: 1 | C15: 600 이하
A16: 1500 | B16: 0.5 | C16: 700 ~ 1500
A17: 99999 | B17: 0.25 | C17: 1650 이상

Sheet 입력
A1: 입력 자료 (BC 노선)
A2: 파란 글씨 = PipeTools 수리계산 시트의 값. 직접 바꿔 보면 계산 시트가 따라 바뀝니다.
A4: 관로번호 | B4: 상류맨홀 | C4: 하류맨홀 | D4: 연장 L [m] | E4: 관경 D [mm] | F4: 상류 관저고 [m] | G4: 하류 관저고 [m] | H4: 상류 지반고 [m] | I4: 하류 지반고 [m] | J4: 조도계수 n | K4: 유역면적 [ha] | L4: 인구밀도 [인/ha] | M4: 오수원단위 [L/인·일] | N4: 지하수원단위 [L/인·일] | O4: P.F | P4: 직접 유입 [m³/s]
A5: BC-01 | B5: BC-01 | C5: BC-02 | D5: 10 | E5: 200 | F5: 45.2 | G5: 45.07 | H5: 46.55 | I5: 46.47 | J5: 0.011 | K5: 0 | L5: 0 | M5: 0 | N5: 0 | O5: 1 | P5: 0.0017890046
A6: BC-02 | B6: BC-02 | C6: BC-03 | D6: 50 | E6: 200 | F6: 45.07 | G6: 44.5 | H6: 46.47 | I6: 45.7 | J6: 0.011 | K6: 0 | L6: 0 | M6: 0 | N6: 0 | O6: 1 | P6: 0
A7: BC-03 | B7: BC-03 | C7: BC-04 | D7: 50 | E7: 200 | F7: 44.5 | G7: 43.54 | H7: 45.7 | I7: 44.74 | J7: 0.011 | K7: 0 | L7: 0 | M7: 0 | N7: 0 | O7: 1 | P7: 0
A8: BC-04 | B8: BC-04 | C8: BC-05 | D8: 50 | E8: 200 | F8: 43.54 | G8: 42.33 | H8: 44.74 | I8: 43.53 | J8: 0.011 | K8: 0 | L8: 0 | M8: 0 | N8: 0 | O8: 1 | P8: 0
A9: BC-05 | B9: BC-05 | C9: BC-06 | D9: 50 | E9: 200 | F9: 42.33 | G9: 41.06 | H9: 43.53 | I9: 42.26 | J9: 0.011 | K9: 0 | L9: 0 | M9: 0 | N9: 0 | O9: 1 | P9: 0
A10: BC-06 | B10: BC-06 | C10: BC-07 | D10: 50 | E10: 200 | F10: 41.06 | G10: 40.53 | H10: 42.26 | I10: 41.73 | J10: 0.011 | K10: 0 | L10: 0 | M10: 0 | N10: 0 | O10: 1 | P10: 0
A11: BC-07 | B11: BC-07 | C11: BC-08 | D11: 50 | E11: 200 | F11: 40.53 | G11: 39.94 | H11: 41.73 | I11: 41.14 | J11: 0.011 | K11: 0 | L11: 0 | M11: 0 | N11: 0 | O11: 1 | P11: 0
A12: BC-08 | B12: BC-08 | C12: BC-09 | D12: 40 | E12: 200 | F12: 39.94 | G12: 39.21 | H12: 41.14 | I12: 40.41 | J12: 0.011 | K12: 0 | L12: 0 | M12: 0 | N12: 0 | O12: 1 | P12: 0
A13: BC-09 | B13: BC-09 | C13: BC-10 | D13: 29 | E13: 200 | F13: 39.21 | G13: 38.46 | H13: 40.41 | I13: 39.56 | J13: 0.011 | K13: 0 | L13: 0 | M13: 0 | N13: 0 | O13: 1 | P13: 0
A14: BC-10 | B14: BC-10 | C14: BC-11 | D14: 30 | E14: 200 | F14: 38.46 | G14: 37.97 | H14: 39.56 | I14: 39.17 | J14: 0.011 | K14: 0 | L14: 0 | M14: 0 | N14: 0 | O14: 1 | P14: 0
A15: BC-11 | B15: BC-11 | C15: BC-12 | D15: 40 | E15: 200 | F15: 37.97 | G15: 37.51 | H15: 39.17 | I15: 38.71 | J15: 0.011 | K15: 0 | L15: 0 | M15: 0 | N15: 0 | O15: 1 | P15: 0
A16: BC-12 | B16: BC-12 | C16: BC-13 | D16: 40 | E16: 200 | F16: 37.51 | G16: 36.97 | H16: 38.71 | I16: 38.17 | J16: 0.011 | K16: 0 | L16: 0 | M16: 0 | N16: 0 | O16: 1 | P16: 0
... A34: BC-30 | B34: BC-30 | C34: BC-31 | D34: 14 | E34: 200 | F34: 30.96 | G34: 30.91 | H34: 31.96 | I34: 32.46 | J34: 0.011 | K34: 0 | L34: 0 | M34: 0 | N34: 0 | O34: 1 | P34: 0

Sheet 수심반복
A1: 등류수심 이분법 (40회) — 중심각 θ 를 0 ~ θmax 에서 반씩 줄여 Q(θ) = Q 가 되는 값을 찾음
A2: θ[k] = θ[k-1] ± θmax / 2^(k+1) (Q(θ[k-1]) < Q 이면 +, 아니면 −). 마지막 θ 를 계산 시트가 가져감
A4: 관로 | B4: 목표 Q [m³/s] | C4: D [m] | D4: S [m/m] | E4: n | F4: θ0 | G4: Q(θ0) | H4: θ1 | I4: Q(θ1) | J4: θ2 | K4: Q(θ2) | L4: θ3 | M4: Q(θ3) | N4: θ4 | O4: Q(θ4) | P4: θ5 | Q4: Q(θ5) | R4: θ6 | S4: Q(θ6) | T4: θ7 | U4: Q(θ7) | V4: θ8 | W4: Q(θ8) | X4: θ9 | Y4: Q(θ9) | Z4: θ10 | AA4: Q(θ10) | AB4: θ11 | AC4: Q(θ11) | AD4: θ12 | AE4: Q(θ12) | AF4: θ13 | AG4: Q(θ13) | AH4: θ14 | AI4: Q(θ14) | AJ4: θ15 | AK4: Q(θ15) | AL4: θ16 | AM4: Q(θ16) | AN4: θ17 | AO4: Q(θ17) | AP4: θ18 | AQ4: Q(θ18) | AR4: θ19 | AS4: Q(θ19) | AT4: θ20 | AU4: Q(θ20) | AV4: θ21 | AW4: Q(θ21) | AX4: θ22 | AY4: Q(θ22) | AZ4: θ23 | BA4: Q(θ23) | BB4: θ24 | BC4: Q(θ24) | BD4: θ25 | BE4: Q(θ25) | BF4: θ26 | BG4: Q(θ26) | BH4: θ27 | BI4: Q(θ27) | BJ4: θ28 | BK4: Q(θ28) | BL4: θ29 | BM4: Q(θ29) | BN4: θ30 | BO4: Q(θ30) | BP4: θ31 | BQ4: Q(θ31) | BR4: θ32 | BS4: Q(θ32) | BT4: θ33 | BU4: Q(θ33) | BV4: θ34 | BW4: Q(θ34) | BX4: θ35 | BY4: Q(θ35) | BZ4: θ36 | CA4: Q(θ36) | CB4: θ37 | CC4: Q(θ37) | CD4: θ38 | CE4: Q(θ38) | CF4: θ39 | CG4: Q(θ39) | CH4: θ40
A5: =계산!A5 -> BC-01 | B5: =계산!E5 -> 0.0017890046 | C5: =입력!E5/1000 -> 0.2 | D5: =(입력!F5-입력!G5)/입력!D5 -> 0.013 | E5: =입력!J5 -> 0.011 | F5: =설정!$B$10/2 -> 2.6383016 | G5: =IF($D5<=0,0,($C5^2/8*(F5-SIN(F5)))*(($C5^2/8*(F5-SIN(F5)))/($C5*F5/2))^(2/3)*$D5^0.5/$E5) -> 0.013255337 | H5: =F5+IF(G5<$B5,1,-1)*설정!$B$10/2^2 -> 1.3191508 | I5: =IF($D5<=0,0,($C5^2/8*(H5-SIN(H5)))*(($C5^2/8*(H5-SIN(H5)))/($C5*H5/2))^(2/3)*$D5^0.5/$E5) -> 0.0010196454 | J5: =H5+IF(I5<$B5,1,-1)*설정!$B$10/2^3 -> 1.9787262 | K5: =IF($D5<=0,0,($C5^2/8*(J5-SIN(J5)))*(($C5^2/8*(J5-SIN(J5)))/($C5*J5/2))^(2/3)*$D5^0.5/$E5) -> 0.0049239717 | L5: =J5+IF(K5<$B5,1,-1)*설정!$B$10/2^4 -> 1.6489385 | M5: =IF($D5<=0,0,($C5^2/8*(L5-SIN(L5)))*(($C5^2/8*(L5-SIN(L5)))/($C5*L5/2))^(2/3)*$D5^0.5/$E5) -> 0.0024705537 | N5: =L5+IF(M5<$B5,1,-1)*설정!$B$10/2^5 -> 1.4840447 | O5: =IF($D5<=0,0,($C5^2/8*(N5-SIN(N5)))*(($C5^2/8*(N5-SIN(N5)))/($C5*N5/2))^(2/3)*$D5^0.5/$E5) -> 0.0016342121 | P5: =N5+IF(O5<$B5,1,-1)*설정!$B$10/2^6 -> 1.5664916 | Q5: =IF($D5<=0,0,($C5^2/8*(P5-SIN(P5)))*(($C5^2/8*(P5-SIN(P5)))/($C5*P5/2))^(2/3)*$D5^0.5/$E5) -> 0.0020226057 | R5: =P5+IF(Q5<$B5,1,-1)*설정!$B$10/2^7 -> 1.5252681 | S5: =IF($D5<=0,0,($C5^2/8*(R5-SIN(R5)))*(($C5^2/8*(R5-SIN(R5)))/($C5*R5/2))^(2/3)*$D5^0.5/$E5) -> 0.001821209 | T5: =R5+IF(S5<$B5,1,-1)*설정!$B$10/2^8 -> 1.5046564 | U5: =IF($D5<=0,0,($C5^2/8*(T5-SIN(T5)))*(($C5^2/8*(T5-SIN(T5)))/($C5*T5/2))^(2/3)*$D5^0.5/$E5) -> 0.0017259424 | V5: =T5+IF(U5<$B5,1,-1)*설정!$B$10/2^9 -> 1.5149623 | W5: =IF($D5<=0,0,($C5^2/8*(V5-SIN(V5)))*(($C5^2/8*(V5-SIN(V5)))/($C5*V5/2))^(2/3)*$D5^0.5/$E5) -> 0.0017731296 | X5: =V5+IF(W5<$B5,1,-1)*설정!$B$10/2^10 -> 1.5201152 | Y5: =IF($D5<=0,0,($C5^2/8*(X5-SIN(X5)))*(($C5^2/8*(X5-SIN(X5)))/($C5*X5/2))^(2/3)*$D5^0.5/$E5) -> 0.0017970573 | Z5: =X5+IF(Y5<$B5,1,-1)*설정!$B$10/2^11 -> 1.5175387 | AA5: =IF($D5<=0,0,($C5^2/8*(Z5-SIN(Z5)))*(($C5^2/8*(Z5-SIN(Z5)))/($C5*Z5/2))^(2/3)*$D5^0.5/$E5) -> 0.0017850655 | AB5: =Z5+IF(AA5<$B5,1,-1)*설정!$B$10/2^12 -> 1.518827 | AC5: =IF($D5<=0,0,($C5^2/8*(AB5-SIN(AB5)))*(($C5^2/8*(AB5-SIN(AB5)))/($C5*AB5/2))^(2/3)*$D5^0.5/$E5) -> 0.0017910544 | AD5: =AB5+IF(AC5<$B5,1,-1)*설정!$B$10/2^13 -> 1.5181828 | AE5: =IF($D5<=0,0,($C5^2/8*(AD5-SIN(AD5)))*(($C5^2/8*(AD5-SIN(AD5)))/($C5*AD5/2))^(2/3)*$D5^0.5/$E5) -> 0.0017880582 | AF5: =AD5+IF(AE5<$B5,1,-1)*설정!$B$10/2^14 -> 1.5185049 | AG5: =IF($D5<=0,0,($C5^2/8*(AF5-SIN(AF5)))*(($C5^2/8*(AF5-SIN(AF5)))/($C5*AF5/2))^(2/3)*$D5^0.5/$E5) -> 0.0017895559 | AH5: =AF5+IF(AG5<$B5,1,-1)*설정!$B$10/2^15 -> 1.5183439 | AI5: =IF($D5<=0,0,($C5^2/8*(AH5-SIN(AH5)))*(($C5^2/8*(AH5-SIN(AH5)))/($C5*AH5/2))^(2/3)*$D5^0.5/$E5) -> 0.001788807 | AJ5: =AH5+IF(AI5<$B5,1,-1)*설정!$B$10/2^16 -> 1.5184244 | AK5: =IF($D5<=0,0,($C5^2/8*(AJ5-SIN(AJ5)))*(($C5^2/8*(AJ5-SIN(AJ5)))/($C5*AJ5/2))^(2/3)*$D5^0.5/$E5) -> 0.0017891814 | AL5: =AJ5+IF(AK5<$B5,1,-1)*설정!$B$10/2^17 -> 1.5183841 | AM5: =IF($D5<=0,0,($C5^2/8*(AL5-SIN(AL5)))*(($C5^2/8*(AL5-SIN(AL5)))/($C5*AL5/2))^(2/3)*$D5^0.5/$E5) -> 0.0017889942 | AN5: =AL5+IF(AM5<$B5,1,-1)*설정!$B$10/2^18 -> 1.5184042 | AO5: =IF($D5<=0,0,($C5^2/8*(AN5-SIN(AN5)))*(($C5^2/8*(AN5-SIN(AN5)))/($C5*AN5/2))^(2/3)*$D5^0.5/$E5) -> 0.0017890878 | AP5: =AN5+IF(AO5<$B5,1,-1)*설정!$B$10/2^19 -> 1.5183942 | AQ5: =IF($D5<=0,0,($C5^2/8*(AP5-SIN(AP5)))*(($C5^2/8*(AP5-SIN(AP5)))/($C5*AP5/2))^(2/3)*$D5^0.5/$E5) -> 0.001789041 | AR5: =AP5+IF(AQ5<$B5,1,-1)*설정!$B$10/2^20 -> 1.5183892 | AS5: =IF($D5<=0,0,($C5^2/8*(AR5-SIN(AR5)))*(($C5^2/8*(AR5-SIN(AR5)))/($C5*AR5/2))^(2/3)*$D5^0.5/$E5) -> 0.0017890176 | AT5: =AR5+IF(AS5<$B5,1,-1)*설정!$B$10/2^21 -> 1.5183866 | AU5: =IF($D5<=0,0,($C5^2/8*(AT5-SIN(AT5)))*(($C5^2/8*(AT5-SIN(AT5)))/($C5*AT5/2))^(2/3)*$D5^0.5/$E5) -> 0.0017890059 | AV5: =AT5+IF(AU5<$B5,1,-1)*설정!$B$10/2^22 -> 1.5183854 | AW5: =IF($D5<=0,0,($C5^2/8*(AV5-SIN(AV5)))*(($C5^2/8*(AV5-SIN(AV5)))/($C5*AV5/2))^(2/3)*$D5^0.5/$E5) -> 0.001789 | AX5: =AV5+IF(AW5<$B5,1,-1)*설정!$B$10/2^23 -> 1.518386 | AY5: =IF($D5<=0,0,($C5^2/8*(AX5-SIN(AX5)))*(($C5^2/8*(AX5-SIN(AX5)))/($C5*AX5/2))^(2/3)*$D5^0.5/$E5) -> 0.001789003 | AZ5: =AX5+IF(AY5<$B5,1,-1)*설정!$B$10/2^24 -> 1.5183863 | BA5: =IF($D5<=0,0,($C5^2/8*(AZ5-SIN(AZ5)))*(($C5^2/8*(AZ5-SIN(AZ5)))/($C5*AZ5/2))^(2/3)*$D5^0.5/$E5) -> 0.0017890044 | BB5: =AZ5+IF(BA5<$B5,1,-1)*설정!$B$10/2^25 -> 1.5183865 | BC5: =IF($D5<=0,0,($C5^2/8*(BB5-SIN(BB5)))*(($C5^2/8*(BB5-SIN(BB5)))/($C5*BB5/2))^(2/3)*$D5^0.5/$E5) -> 0.0017890051 | BD5: =BB5+IF(BC5<$B5,1,-1)*설정!$B$10/2^26 -> 1.5183864 | BE5: =IF($D5<=0,0,($C5^2/8*(BD5-SIN(BD5)))*(($C5^2/8*(BD5-SIN(BD5)))/($C5*BD5/2))^(2/3)*$D5^0.5/$E5) -> 0.0017890048 | BF5: =BD5+IF(BE5<$B5,1,-1)*설정!$B$10/2^27 -> 1.5183864 | BG5: =IF($D5<=0,0,($C5^2/8*(BF5-SIN(BF5)))*(($C5^2/8*(BF5-SIN(BF5)))/($C5*BF5/2))^(2/3)*$D5^0.5/$E5) -> 0.0017890046 | BH5: =BF5+IF(BG5<$B5,1,-1)*설정!$B$10/2^28 -> 1.5183864 | BI5: =IF($D5<=0,0,($C5^2/8*(BH5-SIN(BH5)))*(($C5^2/8*(BH5-SIN(BH5)))/($C5*BH5/2))^(2/3)*$D5^0.5/$E5) -> 0.0017890047 | BJ5: =BH5+IF(BI5<$B5,1,-1)*설정!$B$10/2^29 -> 1.5183864 | BK5: =IF($D5<=0,0,($C5^2/8*(BJ5-SIN(BJ5)))*(($C5^2/8*(BJ5-SIN(BJ5)))/($C5*BJ5/2))^(2/3)*$D5^0.5/$E5) -> 0.0017890046 | BL5: =BJ5+IF(BK5<$B5,1,-1)*설정!$B$10/2^30 -> 1.5183864 | BM5: =IF($D5<=0,0,($C5^2/8*(BL5-SIN(BL5)))*(($C5^2/8*(BL5-SIN(BL5)))/($C5*BL5/2))^(2/3)*$D5^0.5/$E5) -> 0.0017890046 | BN5: =BL5+IF(BM5<$B5,1,-1)*설정!$B$10/2^31 -> 1.5183864 | BO5: =IF($D5<=0,0,($C5^2/8*(BN5-SIN(BN5)))*(($C5^2/8*(BN5-SIN(BN5)))/($C5*BN5/2))^(2/3)*$D5^0.5/$E5) -> 0.0017890046 | BP5: =BN5+IF(BO5<$B5,1,-1)*설정!$B$10/2^32 -> 1.5183864 | BQ5: =IF($D5<=0,0,($C5^2/8*(BP5-SIN(BP5)))*(($C5^2/8*(BP5-SIN(BP5)))/($C5*BP5/2))^(2/3)*$D5^0.5/$E5) -> 0.0017890046 | BR5: =BP5+IF(BQ5<$B5,1,-1)*설정!$B$10/2^33 -> 1.5183864 | BS5: =IF($D5<=0,0,($C5^2/8*(BR5-SIN(BR5)))*(($C5^2/8*(BR5-SIN(BR5)))/($C5*BR5/2))^(2/3)*$D5^0.5/$E5) -> 0.0017890046 | BT5: =BR5+IF(BS5<$B5,1,-1)*설정!$B$10/2^34 -> 1.5183864 | BU5: =IF($D5<=0,0,($C5^2/8*(BT5-SIN(BT5)))*(($C5^2/8*(BT5-SIN(BT5)))/($C5*BT5/2))^(2/3)*$D5^0.5/$E5) -> 0.0017890046 | BV5: =BT5+IF(BU5<$B5,1,-1)*설정!$B$10/2^35 -> 1.5183864 | BW5: =IF($D5<=0,0,($C5^2/8*(BV5-SIN(BV5)))*(($C5^2/8*(BV5-SIN(BV5)))/($C5*BV5/2))^(2/3)*$D5^0.5/$E5) -> 0.0017890046 | BX5: =BV5+IF(BW5<$B5,1,-1)*설정!$B$10/2^36 -> 1.5183864 | BY5: =IF($D5<=0,0,($C5^2/8*(BX5-SIN(BX5)))*(($C5^2/8*(BX5-SIN(BX5)))/($C5*BX5/2))^(2/3)*$D5^0.5/$E5) -> 0.0017890046 | BZ5: =BX5+IF(BY5<$B5,1,-1)*설정!$B$10/2^37 -> 1.5183864 | CA5: =IF($D5<=0,0,($C5^2/8*(BZ5-SIN(BZ5)))*(($C5^2/8*(BZ5-SIN(BZ5)))/($C5*BZ5/2))^(2/3)*$D5^0.5/$E5) -> 0.0017890046 | CB5: =BZ5+IF(CA5<$B5,1,-1)*설정!$B$10/2^38 -> 1.5183864 | CC5: =IF($D5<=0,0,($C5^2/8*(CB5-SIN(CB5)))*(($C5^2/8*(CB5-SIN(CB5)))/($C5*CB5/2))^(2/3)*$D5^0.5/$E5) -> 0.0017890046 | CD5: =CB5+IF(CC5<$B5,1,-1)*설정!$B$10/2^39 -> 1.5183864 | CE5: =IF($D5<=0,0,($C5^2/8*(CD5-SIN(CD5)))*(($C5^2/8*(CD5-SIN(CD5)))/($C5*CD5/2))^(2/3)*$D5^0.5/$E5) -> 0.0017890046 | CF5: =CD5+IF(CE5<$B5,1,-1)*설정!$B$10/2^40 -> 1.5183864 | CG5: =IF($D5<=0,0,($C5^2/8*(CF5-SIN(CF5)))*(($C5^2/8*(CF5-SIN(CF5)))/($C5*CF5/2))^(2/3)*$D5^0.5/$E5) -> 0.0017890046 | CH5: =CF5+IF(CG5<$B5,1,-1)*설정!$B$10/2^41 -> 1.5183864
A6: =계산!A6 -> BC-02 | B6: =계산!E6 -> 0.0017890046 | C6: =입력!E6/1000 -> 0.2 | D6: =(입력!F6-입력!G6)/입력!D6 -> 0.0114 | E6: =입력!J6 -> 0.011 | F6: =설정!$B$10/2 -> 2.6383016 | G6: =IF($D6<=0,0,($C6^2/8*(F6-SIN(F6)))*(($C6^2/8*(F6-SIN(F6)))/($C6*F6/2))^(2/3)*$D6^0.5/$E6) -> 0.012412851 | H6: =F6+IF(G6<$B6,1,-1)*설정!$B$10/2^2 -> 1.3191508 | I6: =IF($D6<=0,0,($C6^2/8*(H6-SIN(H6)))*(($C6^2/8*(H6-SIN(H6)))/($C6*H6/2))^(2/3)*$D6^0.5/$E6) -> 0.0009548385 | J6: =H6+IF(I6<$B6,1,-1)*설정!$B$10/2^3 -> 1.9787262 | K6: =IF($D6<=0,0,($C6^2/8*(J6-SIN(J6)))*(($C6^2/8*(J6-SIN(J6)))/($C6*J6/2))^(2/3)*$D6^0.5/$E6) -> 0.0046110125 | L6: =J6+IF(K6<$B6,1,-1)*설정!$B$10/2^4 -> 1.6489385 | M6: =IF($D6<=0,0,($C6^2/8*(L6-SIN(L6)))*(($C6^2/8*(L6-SIN(L6)))/($C6*L6/2))^(2/3)*$D6^0.5/$E6) -> 0.0023135296 | N6: =L6+IF(M6<$B6,1,-1)*설정!$B$10/2^5 -> 1.4840447 | O6: =IF($D6<=0,0,($C6^2/8*(N6-SIN(N6)))*(($C6^2/8*(N6-SIN(N6)))/($C6*N6/2))^(2/3)*$D6^0.5/$E6) -> 0.0015303444 | P6: =N6+IF(O6<$B6,1,-1)*설정!$B$10/2^6 -> 1.5664916 | Q6: =IF($D6<=0,0,($C6^2/8*(P6-SIN(P6)))*(($C6^2/8*(P6-SIN(P6)))/($C6*P6/2))^(2/3)*$D6^0.5/$E6) -> 0.0018940523 | R6: =P6+IF(Q6<$B6,1,-1)*설정!$B$10/2^7 -> 1.5252681 | S6: =IF($D6<=0,0,($C6^2/8*(R6-SIN(R6)))*(($C6^2/8*(R6-SIN(R6)))/($C6*R6/2))^(2/3)*$D6^0.5/$E6) -> 0.0017054561 | T6: =R6+IF(S6<$B6,1,-1)*설정!$B$10/2^8 -> 1.5458798 | U6: =IF($D6<=0,0,($C6^2/8*(T6-SIN(T6)))*(($C6^2/8*(T6-SIN(T6)))/($C6*T6/2))^(2/3)*$D6^0.5/$E6) -> 0.0017980392 | V6: =T6+IF(U6<$B6,1,-1)*설정!$B$10/2^9 -> 1.535574 | W6: =IF($D6<=0,0,($C6^2/8*(V6-SIN(V6)))*(($C6^2/8*(V6-SIN(V6)))/($C6*V6/2))^(2/3)*$D6^0.5/$E6) -> 0.0017513225 | X6: =V6+IF(W6<$B6,1,-1)*설정!$B$10/2^10 -> 1.5407269 | Y6: =IF($D6<=0,0,($C6^2/8*(X6-SIN(X6)))*(($C6^2/8*(X6-SIN(X6)))/($C6*X6/2))^(2/3)*$D6^0.5/$E6) -> 0.0017745741 | Z6: =X6+IF(Y6<$B6,1,-1)*설정!$B$10/2^11 -> 1.5433034 | AA6: =IF($D6<=0,0,($C6^2/8*(Z6-SIN(Z6)))*(($C6^2/8*(Z6-SIN(Z6)))/($C6*Z6/2))^(2/3)*$D6^0.5/$E6) -> 0.0017862799 | AB6: =Z6+IF(AA6<$B6,1,-1)*설정!$B$10/2^12 -> 1.5445916 | AC6: =IF($D6<=0,0,($C6^2/8*(AB6-SIN(AB6)))*(($C6^2/8*(AB6-SIN(AB6)))/($C6*AB6/2))^(2/3)*$D6^0.5/$E6) -> 0.0017921529 | AD6: =AB6+IF(AC6<$B6,1,-1)*설정!$B$10/2^13 -> 1.5439475 | AE6: =IF($D6<=0,0,($C6^2/8*(AD6-SIN(AD6)))*(($C6^2/8*(AD6-SIN(AD6)))/($C6*AD6/2))^(2/3)*$D6^0.5/$E6) -> 0.0017892147 | AF6: =AD6+IF(AE6<$B6,1,-1)*설정!$B$10/2^14 -> 1.5436254 | AG6: =IF($D6<=0,0,($C6^2/8*(AF6-SIN(AF6)))*(($C6^2/8*(AF6-SIN(AF6)))/($C6*AF6/2))^(2/3)*$D6^0.5/$E6) -> 0.0017877469 | AH6: =AF6+IF(AG6<$B6,1,-1)*설정!$B$10/2^15 -> 1.5437865 | AI6: =IF($D6<=0,0,($C6^2/8*(AH6-SIN(AH6)))*(($C6^2/8*(AH6-SIN(AH6)))/($C6*AH6/2))^(2/3)*$D6^0.5/$E6) -> 0.0017884807 | AJ6: =AH6+IF(AI6<$B6,1,-1)*설정!$B$10/2^16 -> 1.543867 | AK6: =IF($D6<=0,0,($C6^2/8*(AJ6-SIN(AJ6)))*(($C6^2/8*(AJ6-SIN(AJ6)))/($C6*AJ6/2))^(2/3)*$D6^0.5/$E6) -> 0.0017888477 | AL6: =AJ6+IF(AK6<$B6,1,-1)*설정!$B$10/2^17 -> 1.5439072 | AM6: =IF($D6<=0,0,($C6^2/8*(AL6-SIN(AL6)))*(($C6^2/8*(AL6-SIN(AL6)))/($C6*AL6/2))^(2/3)*$D6^0.5/$E6) -> 0.0017890312 | AN6: =AL6+IF(AM6<$B6,1,-1)*설정!$B$10/2^18 -> 1.5438871 | AO6: =IF($D6<=0,0,($C6^2/8*(AN6-SIN(AN6)))*(($C6^2/8*(AN6-SIN(AN6)))/($C6*AN6/2))^(2/3)*$D6^0.5/$E6) -> 0.0017889395 | AP6: =AN6+IF(AO6<$B6,1,-1)*설정!$B$10/2^19 -> 1.5438972 | AQ6: =IF($D6<=0,0,($C6^2/8*(AP6-SIN(AP6)))*(($C6^2/8*(AP6-SIN(AP6)))/($C6*AP6/2))^(2/3)*$D6^0.5/$E6) -> 0.0017889853 | AR6: =AP6+IF(AQ6<$B6,1,-1)*설정!$B$10/2^20 -> 1.5439022 | AS6: =IF($D6<=0,0,($C6^2/8*(AR6-SIN(AR6)))*(($C6^2/8*(AR6-SIN(AR6)))/($C6*AR6/2))^(2/3)*$D6^0.5/$E6) -> 0.0017890083 | AT6: =AR6+IF(AS6<$B6,1,-1)*설정!$B$10/2^21 -> 1.5438997 | AU6: =IF($D6<=0,0,($C6^2/8*(AT6-SIN(AT6)))*(($C6^2/8*(AT6-SIN(AT6)))/($C6*AT6/2))^(2/3)*$D6^0.5/$E6) -> 0.0017889968 | AV6: =AT6+IF(AU6<$B6,1,-1)*설정!$B$10/2^22 -> 1.543901 | AW6: =IF($D6<=0,0,($C6^2/8*(AV6-SIN(AV6)))*(($C6^2/8*(AV6-SIN(AV6)))/($C6*AV6/2))^(2/3)*$D6^0.5/$E6) -> 0.0017890025 | AX6: =AV6+IF(AW6<$B6,1,-1)*설정!$B$10/2^23 -> 1.5439016 | AY6: =IF($D6<=0,0,($C6^2/8*(AX6-SIN(AX6)))*(($C6^2/8*(AX6-SIN(AX6)))/($C6*AX6/2))^(2/3)*$D6^0.5/$E6) -> 0.0017890054 | AZ6: =AX6+IF(AY6<$B6,1,-1)*설정!$B$10/2^24 -> 1.5439013 | BA6: =IF($D6<=0,0,($C6^2/8*(AZ6-SIN(AZ6)))*(($C6^2/8*(AZ6-SIN(AZ6)))/($C6*AZ6/2))^(2/3)*$D6^0.5/$E6) -> 0.001789004 | BB6: =AZ6+IF(BA6<$B6,1,-1)*설정!$B$10/2^25 -> 1.5439014 | BC6: =IF($D6<=0,0,($C6^2/8*(BB6-SIN(BB6)))*(($C6^2/8*(BB6-SIN(BB6)))/($C6*BB6/2))^(2/3)*$D6^0.5/$E6) -> 0.0017890047 | BD6: =BB6+IF(BC6<$B6,1,-1)*설정!$B$10/2^26 -> 1.5439013 | BE6: =IF($D6<=0,0,($C6^2/8*(BD6-SIN(BD6)))*(($C6^2/8*(BD6-SIN(BD6)))/($C6*BD6/2))^(2/3)*$D6^0.5/$E6) -> 0.0017890043 | BF6: =BD6+IF(BE6<$B6,1,-1)*설정!$B$10/2^27 -> 1.5439014 | BG6: =IF($D6<=0,0,($C6^2/8*(BF6-SIN(BF6)))*(($C6^2/8*(BF6-SIN(BF6)))/($C6*BF6/2))^(2/3)*$D6^0.5/$E6) -> 0.0017890045 | BH6: =BF6+IF(BG6<$B6,1,-1)*설정!$B$10/2^28 -> 1.5439014 | BI6: =IF($D6<=0,0,($C6^2/8*(BH6-SIN(BH6)))*(($C6^2/8*(BH6-SIN(BH6)))/($C6*BH6/2))^(2/3)*$D6^0.5/$E6) -> 0.0017890046 | BJ6: =BH6+IF(BI6<$B6,1,-1)*설정!$B$10/2^29 -> 1.5439014 | BK6: =IF($D6<=0,0,($C6^2/8*(BJ6-SIN(BJ6)))*(($C6^2/8*(BJ6-SIN(BJ6)))/($C6*BJ6/2))^(2/3)*$D6^0.5/$E6) -> 0.0017890046 | BL6: =BJ6+IF(BK6<$B6,1,-1)*설정!$B$10/2^30 -> 1.5439014 | BM6: =IF($D6<=0,0,($C6^2/8*(BL6-SIN(BL6)))*(($C6^2/8*(BL6-SIN(BL6)))/($C6*BL6/2))^(2/3)*$D6^0.5/$E6) -> 0.0017890046 | BN6: =BL6+IF(BM6<$B6,1,-1)*설정!$B$10/2^31 -> 1.5439014 | BO6: =IF($D6<=0,0,($C6^2/8*(BN6-SIN(BN6)))*(($C6^2/8*(BN6-SIN(BN6)))/($C6*BN6/2))^(2/3)*$D6^0.5/$E6) -> 0.0017890046 | BP6: =BN6+IF(BO6<$B6,1,-1)*설정!$B$10/2^32 -> 1.5439014 | BQ6: =IF($D6<=0,0,($C6^2/8*(BP6-SIN(BP6)))*(($C6^2/8*(BP6-SIN(BP6)))/($C6*BP6/2))^(2/3)*$D6^0.5/$E6) -> 0.0017890046 | BR6: =BP6+IF(BQ6<$B6,1,-1)*설정!$B$10/2^33 -> 1.5439014 | BS6: =IF($D6<=0,0,($C6^2/8*(BR6-SIN(BR6)))*(($C6^2/8*(BR6-SIN(BR6)))/($C6*BR6/2))^(2/3)*$D6^0.5/$E6) -> 0.0017890046 | BT6: =BR6+IF(BS6<$B6,1,-1)*설정!$B$10/2^34 -> 1.5439014 | BU6: =IF($D6<=0,0,($C6^2/8*(BT6-SIN(BT6)))*(($C6^2/8*(BT6-SIN(BT6)))/($C6*BT6/2))^(2/3)*$D6^0.5/$E6) -> 0.0017890046 | BV6: =BT6+IF(BU6<$B6,1,-1)*설정!$B$10/2^35 -> 1.5439014 | BW6: =IF($D6<=0,0,($C6^2/8*(BV6-SIN(BV6)))*(($C6^2/8*(BV6-SIN(BV6)))/($C6*BV6/2))^(2/3)*$D6^0.5/$E6) -> 0.0017890046 | BX6: =BV6+IF(BW6<$B6,1,-1)*설정!$B$10/2^36 -> 1.5439014 | BY6: =IF($D6<=0,0,($C6^2/8*(BX6-SIN(BX6)))*(($C6^2/8*(BX6-SIN(BX6)))/($C6*BX6/2))^(2/3)*$D6^0.5/$E6) -> 0.0017890046 | BZ6: =BX6+IF(BY6<$B6,1,-1)*설정!$B$10/2^37 -> 1.5439014 | CA6: =IF($D6<=0,0,($C6^2/8*(BZ6-SIN(BZ6)))*(($C6^2/8*(BZ6-SIN(BZ6)))/($C6*BZ6/2))^(2/3)*$D6^0.5/$E6) -> 0.0017890046 | CB6: =BZ6+IF(CA6<$B6,1,-1)*설정!$B$10/2^38 -> 1.5439014 | CC6: =IF($D6<=0,0,($C6^2/8*(CB6-SIN(CB6)))*(($C6^2/8*(CB6-SIN(CB6)))/($C6*CB6/2))^(2/3)*$D6^0.5/$E6) -> 0.0017890046 | CD6: =CB6+IF(CC6<$B6,1,-1)*설정!$B$10/2^39 -> 1.5439014 | CE6: =IF($D6<=0,0,($C6^2/8*(CD6-SIN(CD6)))*(($C6^2/8*(CD6-SIN(CD6)))/($C6*CD6/2))^(2/3)*$D6^0.5/$E6) -> 0.0017890046 | CF6: =CD6+IF(CE6<$B6,1,-1)*설정!$B$10/2^40 -> 1.5439014 | CG6: =IF($D6<=0,0,($C6^2/8*(CF6-SIN(CF6)))*(($C6^2/8*(CF6-SIN(CF6)))/($C6*CF6/2))^(2/3)*$D6^0.5/$E6) -> 0.0017890046 | CH6: =CF6+IF(CG6<$B6,1,-1)*설정!$B$10/2^41 -> 1.5439014
A7: =계산!A7 -> BC-03 | B7: =계산!E7 -> 0.0017890046 | C7: =입력!E7/1000 -> 0.2 | D7: =(입력!F7-입력!G7)/입력!D7 -> 0.0192 | E7: =입력!J7 -> 0.011 | F7: =설정!$B$10/2 -> 2.6383016 | G7: =IF($D7<=0,0,($C7^2/8*(F7-SIN(F7)))*(($C7^2/8*(F7-SIN(F7)))/($C7*F7/2))^(2/3)*$D7^0.5/$E7) -> 0.016109042 | H7: =F7+IF(G7<$B7,1,-1)*설정!$B$10/2^2 -> 1.3191508 | I7: =IF($D7<=0,0,($C7^2/8*(H7-SIN(H7)))*(($C7^2/8*(H7-SIN(H7)))/($C7*H7/2))^(2/3)*$D7^0.5/$E7) -> 0.0012391621 | J7: =H7+IF(I7<$B7,1,-1)*설정!$B$10/2^3 -> 1.9787262 | K7: =IF($D7<=0,0,($C7^2/8*(J7-SIN(J7)))*(($C7^2/8*(J7-SIN(J7)))/($C7*J7/2))^(2/3)*$D7^0.5/$E7) -> 0.00598404 | L7: =J7+IF(K7<$B7,1,-1)*설정!$B$10/2^4 -> 1.6489385 | M7: =IF($D7<=0,0,($C7^2/8*(L7-SIN(L7)))*(($C7^2/8*(L7-SIN(L7)))/($C7*L7/2))^(2/3)*$D7^0.5/$E7) -> 0.0030024324 | N7: =L7+IF(M7<$B7,1,-1)*설정!$B$10/2^5 -> 1.4840447 | O7: =IF($D7<=0,0,($C7^2/8*(N7-SIN(N7)))*(($C7^2/8*(N7-SIN(N7)))/($C7*N7/2))^(2/3)*$D7^0.5/$E7) -> 0.0019860371 | P7: =N7+IF(O7<$B7,1,-1)*설정!$B$10/2^6 -> 1.4015977 | Q7: =IF($D7<=0,0,($C7^2/8*(P7-SIN(P7)))*(($C7^2/8*(P7-SIN(P7)))/($C7*P7/2))^(2/3)*$D7^0.5/$E7) -> 0.0015814971 | R7: =P7+IF(Q7<$B7,1,-1)*설정!$B$10/2^7 -> 1.4428212 | S7: =IF($D7<=0,0,($C7^2/8*(R7-SIN(R7)))*(($C7^2/8*(R7-SIN(R7)))/($C7*R7/2))^(2/3)*$D7^0.5/$E7) -> 0.0017756552 | T7: =R7+IF(S7<$B7,1,-1)*설정!$B$10/2^8 -> 1.4634329 | U7: =IF($D7<=0,0,($C7^2/8*(T7-SIN(T7)))*(($C7^2/8*(T7-SIN(T7)))/($C7*T7/2))^(2/3)*$D7^0.5/$E7) -> 0.0018787771 | V7: =T7+IF(U7<$B7,1,-1)*설정!$B$10/2^9 -> 1.4531271 | W7: =IF($D7<=0,0,($C7^2/8*(V7-SIN(V7)))*(($C7^2/8*(V7-SIN(V7)))/($C7*V7/2))^(2/3)*$D7^0.5/$E7) -> 0.001826704 | X7: =V7+IF(W7<$B7,1,-1)*설정!$B$10/2^10 -> 1.4479741 | Y7: =IF($D7<=0,0,($C7^2/8*(X7-SIN(X7)))*(($C7^2/8*(X7-SIN(X7)))/($C7*X7/2))^(2/3)*$D7^0.5/$E7) -> 0.0018010522 | Z7: =X7+IF(Y7<$B7,1,-1)*설정!$B$10/2^11 -> 1.4453977 | AA7: =IF($D7<=0,0,($C7^2/8*(Z7-SIN(Z7)))*(($C7^2/8*(Z7-SIN(Z7)))/($C7*Z7/2))^(2/3)*$D7^0.5/$E7) -> 0.0017883219 | AB7: =Z7+IF(AA7<$B7,1,-1)*설정!$B$10/2^12 -> 1.4466859 | AC7: =IF($D7<=0,0,($C7^2/8*(AB7-SIN(AB7)))*(($C7^2/8*(AB7-SIN(AB7)))/($C7*AB7/2))^(2/3)*$D7^0.5/$E7) -> 0.0017946791 | AD7: =AB7+IF(AC7<$B7,1,-1)*설정!$B$10/2^13 -> 1.4460418 | AE7: =IF($D7<=0,0,($C7^2/8*(AD7-SIN(AD7)))*(($C7^2/8*(AD7-SIN(AD7)))/($C7*AD7/2))^(2/3)*$D7^0.5/$E7) -> 0.0017914985 | AF7: =AD7+IF(AE7<$B7,1,-1)*설정!$B$10/2^14 -> 1.4457197 | AG7: =IF($D7<=0,0,($C7^2/8*(AF7-SIN(AF7)))*(($C7^2/8*(AF7-SIN(AF7)))/($C7*AF7/2))^(2/3)*$D7^0.5/$E7) -> 0.0017899097 | AH7: =AF7+IF(AG7<$B7,1,-1)*설정!$B$10/2^15 -> 1.4455587 | AI7: =IF($D7<=0,0,($C7^2/8*(AH7-SIN(AH7)))*(($C7^2/8*(AH7-SIN(AH7)))/($C7*AH7/2))^(2/3)*$D7^0.5/$E7) -> 0.0017891157 | AJ7: =AH7+IF(AI7<$B7,1,-1)*설정!$B$10/2^16 -> 1.4454782 | AK7: =IF($D7<=0,0,($C7^2/8*(AJ7-SIN(AJ7)))*(($C7^2/8*(AJ7-SIN(AJ7)))/($C7*AJ7/2))^(2/3)*$D7^0.5/$E7) -> 0.0017887188 | AL7: =AJ7+IF(AK7<$B7,1,-1)*설정!$B$10/2^17 -> 1.4455184 | AM7: =IF($D7<=0,0,($C7^2/8*(AL7-SIN(AL7)))*(($C7^2/8*(AL7-SIN(AL7)))/($C7*AL7/2))^(2/3)*$D7^0.5/$E7) -> 0.0017889172 | AN7: =AL7+IF(AM7<$B7,1,-1)*설정!$B$10/2^18 -> 1.4455386 | AO7: =IF($D7<=0,0,($C7^2/8*(AN7-SIN(AN7)))*(($C7^2/8*(AN7-SIN(AN7)))/($C7*AN7/2))^(2/3)*$D7^0.5/$E7) -> 0.0017890165 | AP7: =AN7+IF(AO7<$B7,1,-1)*설정!$B$10/2^19 -> 1.4455285 | AQ7: =IF($D7<=0,0,($C7^2/8*(AP7-SIN(AP7)))*(($C7^2/8*(AP7-SIN(AP7)))/($C7*AP7/2))^(2/3)*$D7^0.5/$E7) -> 0.0017889668 | AR7: =AP7+IF(AQ7<$B7,1,-1)*설정!$B$10/2^20 -> 1.4455335 | AS7: =IF($D7<=0,0,($C7^2/8*(AR7-SIN(AR7)))*(($C7^2/8*(AR7-SIN(AR7)))/($C7*AR7/2))^(2/3)*$D7^0.5/$E7) -> 0.0017889916 | AT7: =AR7+IF(AS7<$B7,1,-1)*설정!$B$10/2^21 -> 1.445536 | AU7: =IF($D7<=0,0,($C7^2/8*(AT7-SIN(AT7)))*(($C7^2/8*(AT7-SIN(AT7)))/($C7*AT7/2))^(2/3)*$D7^0.5/$E7) -> 0.001789004 | AV7: =AT7+IF(AU7<$B7,1,-1)*설정!$B$10/2^22 -> 1.4455373 | AW7: =IF($D7<=0,0,($C7^2/8*(AV7-SIN(AV7)))*(($C7^2/8*(AV7-SIN(AV7)))/($C7*AV7/2))^(2/3)*$D7^0.5/$E7) -> 0.0017890103 | AX7: =AV7+IF(AW7<$B7,1,-1)*설정!$B$10/2^23 -> 1.4455367 | AY7: =IF($D7<=0,0,($C7^2/8*(AX7-SIN(AX7)))*(($C7^2/8*(AX7-SIN(AX7)))/($C7*AX7/2))^(2/3)*$D7^0.5/$E7) -> 0.0017890071 | AZ7: =AX7+IF(AY7<$B7,1,-1)*설정!$B$10/2^24 -> 1.4455364 | BA7: =IF($D7<=0,0,($C7^2/8*(AZ7-SIN(AZ7)))*(($C7^2/8*(AZ7-SIN(AZ7)))/($C7*AZ7/2))^(2/3)*$D7^0.5/$E7) -> 0.0017890056 | BB7: =AZ7+IF(BA7<$B7,1,-1)*설정!$B$10/2^25 -> 1.4455362 | BC7: =IF($D7<=0,0,($C7^2/8*(BB7-SIN(BB7)))*(($C7^2/8*(BB7-SIN(BB7)))/($C7*BB7/2))^(2/3)*$D7^0.5/$E7) -> 0.0017890048 | BD7: =BB7+IF(BC7<$B7,1,-1)*설정!$B$10/2^26 -> 1.4455361 | BE7: =IF($D7<=0,0,($C7^2/8*(BD7-SIN(BD7)))*(($C7^2/8*(BD7-SIN(BD7)))/($C7*BD7/2))^(2/3)*$D7^0.5/$E7) -> 0.0017890044 | BF7: =BD7+IF(BE7<$B7,1,-1)*설정!$B$10/2^27 -> 1.4455362 | BG7: =IF($D7<=0,0,($C7^2/8*(BF7-SIN(BF7)))*(($C7^2/8*(BF7-SIN(BF7)))/($C7*BF7/2))^(2/3)*$D7^0.5/$E7) -> 0.0017890046 | BH7: =BF7+IF(BG7<$B7,1,-1)*설정!$B$10/2^28 -> 1.4455362 | BI7: =IF($D7<=0,0,($C7^2/8*(BH7-SIN(BH7)))*(($C7^2/8*(BH7-SIN(BH7)))/($C7*BH7/2))^(2/3)*$D7^0.5/$E7) -> 0.0017890047 | BJ7: =BH7+IF(BI7<$B7,1,-1)*설정!$B$10/2^29 -> 1.4455362 | BK7: =IF($D7<=0,0,($C7^2/8*(BJ7-SIN(BJ7)))*(($C7^2/8*(BJ7-SIN(BJ7)))/($C7*BJ7/2))^(2/3)*$D7^0.5/$E7) -> 0.0017890047 | BL7: =BJ7+IF(BK7<$B7,1,-1)*설정!$B$10/2^30 -> 1.4455362 | BM7: =IF($D7<=0,0,($C7^2/8*(BL7-SIN(BL7)))*(($C7^2/8*(BL7-SIN(BL7)))/($C7*BL7/2))^(2/3)*$D7^0.5/$E7) -> 0.0017890047 | BN7: =BL7+IF(BM7<$B7,1,-1)*설정!$B$10/2^31 -> 1.4455362 | BO7: =IF($D7<=0,0,($C7^2/8*(BN7-SIN(BN7)))*(($C7^2/8*(BN7-SIN(BN7)))/($C7*BN7/2))^(2/3)*$D7^0.5/$E7) -> 0.0017890046 | BP7: =BN7+IF(BO7<$B7,1,-1)*설정!$B$10/2^32 -> 1.4455362 | BQ7: =IF($D7<=0,0,($C7^2/8*(BP7-SIN(BP7)))*(($C7^2/8*(BP7-SIN(BP7)))/($C7*BP7/2))^(2/3)*$D7^0.5/$E7) -> 0.0017890046 | BR7: =BP7+IF(BQ7<$B7,1,-1)*설정!$B$10/2^33 -> 1.4455362 | BS7: =IF($D7<=0,0,($C7^2/8*(BR7-SIN(BR7)))*(($C7^2/8*(BR7-SIN(BR7)))/($C7*BR7/2))^(2/3)*$D7^0.5/$E7) -> 0.0017890046 | BT7: =BR7+IF(BS7<$B7,1,-1)*설정!$B$10/2^34 -> 1.4455362 | BU7: =IF($D7<=0,0,($C7^2/8*(BT7-SIN(BT7)))*(($C7^2/8*(BT7-SIN(BT7)))/($C7*BT7/2))^(2/3)*$D7^0.5/$E7) -> 0.0017890046 | BV7: =BT7+IF(BU7<$B7,1,-1)*설정!$B$10/2^35 -> 1.4455362 | BW7: =IF($D7<=0,0,($C7^2/8*(BV7-SIN(BV7)))*(($C7^2/8*(BV7-SIN(BV7)))/($C7*BV7/2))^(2/3)*$D7^0.5/$E7) -> 0.0017890046 | BX7: =BV7+IF(BW7<$B7,1,-1)*설정!$B$10/2^36 -> 1.4455362 | BY7: =IF($D7<=0,0,($C7^2/8*(BX7-SIN(BX7)))*(($C7^2/8*(BX7-SIN(BX7)))/($C7*BX7/2))^(2/3)*$D7^0.5/$E7) -> 0.0017890046 | BZ7: =BX7+IF(BY7<$B7,1,-1)*설정!$B$10/2^37 -> 1.4455362 | CA7: =IF($D7<=0,0,($C7^2/8*(BZ7-SIN(BZ7)))*(($C7^2/8*(BZ7-SIN(BZ7)))/($C7*BZ7/2))^(2/3)*$D7^0.5/$E7) -> 0.0017890046 | CB7: =BZ7+IF(CA7<$B7,1,-1)*설정!$B$10/2^38 -> 1.4455362 | CC7: =IF($D7<=0,0,($C7^2/8*(CB7-SIN(CB7)))*(($C7^2/8*(CB7-SIN(CB7)))/($C7*CB7/2))^(2/3)*$D7^0.5/$E7) -> 0.0017890046 | CD7: =CB7+IF(CC7<$B7,1,-1)*설정!$B$10/2^39 -> 1.4455362 | CE7: =IF($D7<=0,0,($C7^2/8*(CD7-SIN(CD7)))*(($C7^2/8*(CD7-SIN(CD7)))/($C7*CD7/2))^(2/3)*$D7^0.5/$E7) -> 0.0017890046 | CF7: =CD7+IF(CE7<$B7,1,-1)*설정!$B$10/2^40 -> 1.4455362 | CG7: =IF($D7<=0,0,($C7^2/8*(CF7-SIN(CF7)))*(($C7^2/8*(CF7-SIN(CF7)))/($C7*CF7/2))^(2/3)*$D7^0.5/$E7) -> 0.0017890046 | CH7: =CF7+IF(CG7<$B7,1,-1)*설정!$B$10/2^41 -> 1.4455362
A8: =계산!A8 -> BC-04 | B8: =계산!E8 -> 0.0017890046 | C8: =입력!E8/1000 -> 0.2 | D8: =(입력!F8-입력!G8)/입력!D8 -> 0.0242 | E8: =입력!J8 -> 0.011 | F8: =설정!$B$10/2 -> 2.6383016 | G8: =IF($D8<=0,0,($C8^2/8*(F8-SIN(F8)))*(($C8^2/8*(F8-SIN(F8)))/($C8*F8/2))^(2/3)*$D8^0.5/$E8) -> 0.018085344 | H8: =F8+IF(G8<$B8,1,-1)*설정!$B$10/2^2 -> 1.3191508 | I8: =IF($D8<=0,0,($C8^2/8*(H8-SIN(H8)))*(($C8^2/8*(H8-SIN(H8)))/($C8*H8/2))^(2/3)*$D8^0.5/$E8) -> 0.0013911859 | J8: =H8+IF(I8<$B8,1,-1)*설정!$B$10/2^3 -> 1.9787262 | K8: =IF($D8<=0,0,($C8^2/8*(J8-SIN(J8)))*(($C8^2/8*(J8-SIN(J8)))/($C8*J8/2))^(2/3)*$D8^0.5/$E8) -> 0.0067181788 | L8: =J8+IF(K8<$B8,1,-1)*설정!$B$10/2^4 -> 1.6489385 | M8: =IF($D8<=0,0,($C8^2/8*(L8-SIN(L8)))*(($C8^2/8*(L8-SIN(L8)))/($C8*L8/2))^(2/3)*$D8^0.5/$E8) -> 0.0033707793 | N8: =L8+IF(M8<$B8,1,-1)*설정!$B$10/2^5 -> 1.4840447 | O8: =IF($D8<=0,0,($C8^2/8*(N8-SIN(N8)))*(($C8^2/8*(N8-SIN(N8)))/($C8*N8/2))^(2/3)*$D8^0.5/$E8) -> 0.0022296897 | P8: =N8+IF(O8<$B8,1,-1)*설정!$B$10/2^6 -> 1.4015977 | Q8: =IF($D8<=0,0,($C8^2/8*(P8-SIN(P8)))*(($C8^2/8*(P8-SIN(P8)))/($C8*P8/2))^(2/3)*$D8^0.5/$E8) -> 0.0017755196 | R8: =P8+IF(Q8<$B8,1,-1)*설정!$B$10/2^7 -> 1.4428212 | S8: =IF($D8<=0,0,($C8^2/8*(R8-SIN(R8)))*(($C8^2/8*(R8-SIN(R8)))/($C8*R8/2))^(2/3)*$D8^0.5/$E8) -> 0.0019934975 | T8: =R8+IF(S8<$B8,1,-1)*설정!$B$10/2^8 -> 1.4222095 | U8: =IF($D8<=0,0,($C8^2/8*(T8-SIN(T8)))*(($C8^2/8*(T8-SIN(T8)))/($C8*T8/2))^(2/3)*$D8^0.5/$E8) -> 0.0018822782 | V8: =T8+IF(U8<$B8,1,-1)*설정!$B$10/2^9 -> 1.4119036 | W8: =IF($D8<=0,0,($C8^2/8*(V8-SIN(V8)))*(($C8^2/8*(V8-SIN(V8)))/($C8*V8/2))^(2/3)*$D8^0.5/$E8) -> 0.0018283472 | X8: =V8+IF(W8<$B8,1,-1)*설정!$B$10/2^10 -> 1.4067507 | Y8: =IF($D8<=0,0,($C8^2/8*(X8-SIN(X8)))*(($C8^2/8*(X8-SIN(X8)))/($C8*X8/2))^(2/3)*$D8^0.5/$E8) -> 0.0018017962 | Z8: =X8+IF(Y8<$B8,1,-1)*설정!$B$10/2^11 -> 1.4041742 | AA8: =IF($D8<=0,0,($C8^2/8*(Z8-SIN(Z8)))*(($C8^2/8*(Z8-SIN(Z8)))/($C8*Z8/2))^(2/3)*$D8^0.5/$E8) -> 0.0017886237 | AB8: =Z8+IF(AA8<$B8,1,-1)*설정!$B$10/2^12 -> 1.4054624 | AC8: =IF($D8<=0,0,($C8^2/8*(AB8-SIN(AB8)))*(($C8^2/8*(AB8-SIN(AB8)))/($C8*AB8/2))^(2/3)*$D8^0.5/$E8) -> 0.0017952014 | AD8: =AB8+IF(AC8<$B8,1,-1)*설정!$B$10/2^13 -> 1.4048183 | AE8: =IF($D8<=0,0,($C8^2/8*(AD8-SIN(AD8)))*(($C8^2/8*(AD8-SIN(AD8)))/($C8*AD8/2))^(2/3)*$D8^0.5/$E8) -> 0.0017919104 | AF8: =AD8+IF(AE8<$B8,1,-1)*설정!$B$10/2^14 -> 1.4044963 | AG8: =IF($D8<=0,0,($C8^2/8*(AF8-SIN(AF8)))*(($C8^2/8*(AF8-SIN(AF8)))/($C8*AF8/2))^(2/3)*$D8^0.5/$E8) -> 0.0017902665 | AH8: =AF8+IF(AG8<$B8,1,-1)*설정!$B$10/2^15 -> 1.4043352 | AI8: =IF($D8<=0,0,($C8^2/8*(AH8-SIN(AH8)))*(($C8^2/8*(AH8-SIN(AH8)))/($C8*AH8/2))^(2/3)*$D8^0.5/$E8) -> 0.0017894449 | AJ8: =AH8+IF(AI8<$B8,1,-1)*설정!$B$10/2^16 -> 1.4042547 | AK8: =IF($D8<=0,0,($C8^2/8*(AJ8-SIN(AJ8)))*(($C8^2/8*(AJ8-SIN(AJ8)))/($C8*AJ8/2))^(2/3)*$D8^0.5/$E8) -> 0.0017890343 | AL8: =AJ8+IF(AK8<$B8,1,-1)*설정!$B$10/2^17 -> 1.4042145 | AM8: =IF($D8<=0,0,($C8^2/8*(AL8-SIN(AL8)))*(($C8^2/8*(AL8-SIN(AL8)))/($C8*AL8/2))^(2/3)*$D8^0.5/$E8) -> 0.001788829 | AN8: =AL8+IF(AM8<$B8,1,-1)*설정!$B$10/2^18 -> 1.4042346 | AO8: =IF($D8<=0,0,($C8^2/8*(AN8-SIN(AN8)))*(($C8^2/8*(AN8-SIN(AN8)))/($C8*AN8/2))^(2/3)*$D8^0.5/$E8) -> 0.0017889316 | AP8: =AN8+IF(AO8<$B8,1,-1)*설정!$B$10/2^19 -> 1.4042446 | AQ8: =IF($D8<=0,0,($C8^2/8*(AP8-SIN(AP8)))*(($C8^2/8*(AP8-SIN(AP8)))/($C8*AP8/2))^(2/3)*$D8^0.5/$E8) -> 0.0017889829 | AR8: =AP8+IF(AQ8<$B8,1,-1)*설정!$B$10/2^20 -> 1.4042497 | AS8: =IF($D8<=0,0,($C8^2/8*(AR8-SIN(AR8)))*(($C8^2/8*(AR8-SIN(AR8)))/($C8*AR8/2))^(2/3)*$D8^0.5/$E8) -> 0.0017890086 | AT8: =AR8+IF(AS8<$B8,1,-1)*설정!$B$10/2^21 -> 1.4042472 | AU8: =IF($D8<=0,0,($C8^2/8*(AT8-SIN(AT8)))*(($C8^2/8*(AT8-SIN(AT8)))/($C8*AT8/2))^(2/3)*$D8^0.5/$E8) -> 0.0017889958 | AV8: =AT8+IF(AU8<$B8,1,-1)*설정!$B$10/2^22 -> 1.4042484 | AW8: =IF($D8<=0,0,($C8^2/8*(AV8-SIN(AV8)))*(($C8^2/8*(AV8-SIN(AV8)))/($C8*AV8/2))^(2/3)*$D8^0.5/$E8) -> 0.0017890022 | AX8: =AV8+IF(AW8<$B8,1,-1)*설정!$B$10/2^23 -> 1.404249 | AY8: =IF($D8<=0,0,($C8^2/8*(AX8-SIN(AX8)))*(($C8^2/8*(AX8-SIN(AX8)))/($C8*AX8/2))^(2/3)*$D8^0.5/$E8) -> 0.0017890054 | AZ8: =AX8+IF(AY8<$B8,1,-1)*설정!$B$10/2^24 -> 1.4042487 | BA8: =IF($D8<=0,0,($C8^2/8*(AZ8-SIN(AZ8)))*(($C8^2/8*(AZ8-SIN(AZ8)))/($C8*AZ8/2))^(2/3)*$D8^0.5/$E8) -> 0.0017890038 | BB8: =AZ8+IF(BA8<$B8,1,-1)*설정!$B$10/2^25 -> 1.4042489 | BC8: =IF($D8<=0,0,($C8^2/8*(BB8-SIN(BB8)))*(($C8^2/8*(BB8-SIN(BB8)))/($C8*BB8/2))^(2/3)*$D8^0.5/$E8) -> 0.0017890046 | BD8: =BB8+IF(BC8<$B8,1,-1)*설정!$B$10/2^26 -> 1.404249 | BE8: =IF($D8<=0,0,($C8^2/8*(BD8-SIN(BD8)))*(($C8^2/8*(BD8-SIN(BD8)))/($C8*BD8/2))^(2/3)*$D8^0.5/$E8) -> 0.001789005 | BF8: =BD8+IF(BE8<$B8,1,-1)*설정!$B$10/2^27 -> 1.4042489 | BG8: =IF($D8<=0,0,($C8^2/8*(BF8-SIN(BF8)))*(($C8^2/8*(BF8-SIN(BF8)))/($C8*BF8/2))^(2/3)*$D8^0.5/$E8) -> 0.0017890048 | BH8: =BF8+IF(BG8<$B8,1,-1)*설정!$B$10/2^28 -> 1.4042489 | BI8: =IF($D8<=0,0,($C8^2/8*(BH8-SIN(BH8)))*(($C8^2/8*(BH8-SIN(BH8)))/($C8*BH8/2))^(2/3)*$D8^0.5/$E8) -> 0.0017890047 | BJ8: =BH8+IF(BI8<$B8,1,-1)*설정!$B$10/2^29 -> 1.4042489 | BK8: =IF($D8<=0,0,($C8^2/8*(BJ8-SIN(BJ8)))*(($C8^2/8*(BJ8-SIN(BJ8)))/($C8*BJ8/2))^(2/3)*$D8^0.5/$E8) -> 0.0017890046 | BL8: =BJ8+IF(BK8<$B8,1,-1)*설정!$B$10/2^30 -> 1.4042489 | BM8: =IF($D8<=0,0,($C8^2/8*(BL8-SIN(BL8)))*(($C8^2/8*(BL8-SIN(BL8)))/($C8*BL8/2))^(2/3)*$D8^0.5/$E8) -> 0.0017890046 | BN8: =BL8+IF(BM8<$B8,1,-1)*설정!$B$10/2^31 -> 1.4042489 | BO8: =IF($D8<=0,0,($C8^2/8*(BN8-SIN(BN8)))*(($C8^2/8*(BN8-SIN(BN8)))/($C8*BN8/2))^(2/3)*$D8^0.5/$E8) -> 0.0017890046 | BP8: =BN8+IF(BO8<$B8,1,-1)*설정!$B$10/2^32 -> 1.4042489 | BQ8: =IF($D8<=0,0,($C8^2/8*(BP8-SIN(BP8)))*(($C8^2/8*(BP8-SIN(BP8)))/($C8*BP8/2))^(2/3)*$D8^0.5/$E8) -> 0.0017890046 | BR8: =BP8+IF(BQ8<$B8,1,-1)*설정!$B$10/2^33 -> 1.4042489 | BS8: =IF($D8<=0,0,($C8^2/8*(BR8-SIN(BR8)))*(($C8^2/8*(BR8-SIN(BR8)))/($C8*BR8/2))^(2/3)*$D8^0.5/$E8) -> 0.0017890046 | BT8: =BR8+IF(BS8<$B8,1,-1)*설정!$B$10/2^34 -> 1.4042489 | BU8: =IF($D8<=0,0,($C8^2/8*(BT8-SIN(BT8)))*(($C8^2/8*(BT8-SIN(BT8)))/($C8*BT8/2))^(2/3)*$D8^0.5/$E8) -> 0.0017890046 | BV8: =BT8+IF(BU8<$B8,1,-1)*설정!$B$10/2^35 -> 1.4042489 | BW8: =IF($D8<=0,0,($C8^2/8*(BV8-SIN(BV8)))*(($C8^2/8*(BV8-SIN(BV8)))/($C8*BV8/2))^(2/3)*$D8^0.5/$E8) -> 0.0017890046 | BX8: =BV8+IF(BW8<$B8,1,-1)*설정!$B$10/2^36 -> 1.4042489 | BY8: =IF($D8<=0,0,($C8^2/8*(BX8-SIN(BX8)))*(($C8^2/8*(BX8-SIN(BX8)))/($C8*BX8/2))^(2/3)*$D8^0.5/$E8) -> 0.0017890046 | BZ8: =BX8+IF(BY8<$B8,1,-1)*설정!$B$10/2^37 -> 1.4042489 | CA8: =IF($D8<=0,0,($C8^2/8*(BZ8-SIN(BZ8)))*(($C8^2/8*(BZ8-SIN(BZ8)))/($C8*BZ8/2))^(2/3)*$D8^0.5/$E8) -> 0.0017890046 | CB8: =BZ8+IF(CA8<$B8,1,-1)*설정!$B$10/2^38 -> 1.4042489 | CC8: =IF($D8<=0,0,($C8^2/8*(CB8-SIN(CB8)))*(($C8^2/8*(CB8-SIN(CB8)))/($C8*CB8/2))^(2/3)*$D8^0.5/$E8) -> 0.0017890046 | CD8: =CB8+IF(CC8<$B8,1,-1)*설정!$B$10/2^39 -> 1.4042489 | CE8: =IF($D8<=0,0,($C8^2/8*(CD8-SIN(CD8)))*(($C8^2/8*(CD8-SIN(CD8)))/($C8*CD8/2))^(2/3)*$D8^0.5/$E8) -> 0.0017890046 | CF8: =CD8+IF(CE8<$B8,1,-1)*설정!$B$10/2^40 -> 1.4042489 | CG8: =IF($D8<=0,0,($C8^2/8*(CF8-SIN(CF8)))*(($C8^2/8*(CF8-SIN(CF8)))/($C8*CF8/2))^(2/3)*$D8^0.5/$E8) -> 0.0017890046 | CH8: =CF8+IF(CG8<$B8,1,-1)*설정!$B$10/2^41 -> 1.4042489
A9: =계산!A9 -> BC-05 | B9: =계산!E9 -> 0.0017890046 | C9: =입력!E9/1000 -> 0.2 | D9: =(입력!F9-입력!G9)/입력!D9 -> 0.0254 | E9: =입력!J9 -> 0.011 | F9: =설정!$B$10/2 -> 2.6383016 | G9: =IF($D9<=0,0,($C9^2/8*(F9-SIN(F9)))*(($C9^2/8*(F9-SIN(F9)))/($C9*F9/2))^(2/3)*$D9^0.5/$E9) -> 0.018528316 | H9: =F9+IF(G9<$B9,1,-1)*설정!$B$10/2^2 -> 1.3191508 | I9: =IF($D9<=0,0,($C9^2/8*(H9-SIN(H9)))*(($C9^2/8*(H9-SIN(H9)))/($C9*H9/2))^(2/3)*$D9^0.5/$E9) -> 0.0014252608 | J9: =H9+IF(I9<$B9,1,-1)*설정!$B$10/2^3 -> 1.9787262 | K9: =IF($D9<=0,0,($C9^2/8*(J9-SIN(J9)))*(($C9^2/8*(J9-SIN(J9)))/($C9*J9/2))^(2/3)*$D9^0.5/$E9) -> 0.00688273 | L9: =J9+IF(K9<$B9,1,-1)*설정!$B$10/2^4 -> 1.6489385 | M9: =IF($D9<=0,0,($C9^2/8*(L9-SIN(L9)))*(($C9^2/8*(L9-SIN(L9)))/($C9*L9/2))^(2/3)*$D9^0.5/$E9) -> 0.0034533412 | N9: =L9+IF(M9<$B9,1,-1)*설정!$B$10/2^5 -> 1.4840447 | O9: =IF($D9<=0,0,($C9^2/8*(N9-SIN(N9)))*(($C9^2/8*(N9-SIN(N9)))/($C9*N9/2))^(2/3)*$D9^0.5/$E9) -> 0.0022843025 | P9: =N9+IF(O9<$B9,1,-1)*설정!$B$10/2^6 -> 1.4015977 | Q9: =IF($D9<=0,0,($C9^2/8*(P9-SIN(P9)))*(($C9^2/8*(P9-SIN(P9)))/($C9*P9/2))^(2/3)*$D9^0.5/$E9) -> 0.0018190081 | R9: =P9+IF(Q9<$B9,1,-1)*설정!$B$10/2^7 -> 1.3603743 | S9: =IF($D9<=0,0,($C9^2/8*(R9-SIN(R9)))*(($C9^2/8*(R9-SIN(R9)))/($C9*R9/2))^(2/3)*$D9^0.5/$E9) -> 0.0016135825 | T9: =R9+IF(S9<$B9,1,-1)*설정!$B$10/2^8 -> 1.380986 | U9: =IF($D9<=0,0,($C9^2/8*(T9-SIN(T9)))*(($C9^2/8*(T9-SIN(T9)))/($C9*T9/2))^(2/3)*$D9^0.5/$E9) -> 0.0017141077 | V9: =T9+IF(U9<$B9,1,-1)*설정!$B$10/2^9 -> 1.3912919 | W9: =IF($D9<=0,0,($C9^2/8*(V9-SIN(V9)))*(($C9^2/8*(V9-SIN(V9)))/($C9*V9/2))^(2/3)*$D9^0.5/$E9) -> 0.0017660049 | X9: =V9+IF(W9<$B9,1,-1)*설정!$B$10/2^10 -> 1.3964448 | Y9: =IF($D9<=0,0,($C9^2/8*(X9-SIN(X9)))*(($C9^2/8*(X9-SIN(X9)))/($C9*X9/2))^(2/3)*$D9^0.5/$E9) -> 0.0017923675 | Z9: =X9+IF(Y9<$B9,1,-1)*설정!$B$10/2^11 -> 1.3938683 | AA9: =IF($D9<=0,0,($C9^2/8*(Z9-SIN(Z9)))*(($C9^2/8*(Z9-SIN(Z9)))/($C9*Z9/2))^(2/3)*$D9^0.5/$E9) -> 0.0017791515 | AB9: =Z9+IF(AA9<$B9,1,-1)*설정!$B$10/2^12 -> 1.3951566 | AC9: =IF($D9<=0,0,($C9^2/8*(AB9-SIN(AB9)))*(($C9^2/8*(AB9-SIN(AB9)))/($C9*AB9/2))^(2/3)*$D9^0.5/$E9) -> 0.0017857508 | AD9: =AB9+IF(AC9<$B9,1,-1)*설정!$B$10/2^13 -> 1.3958007 | AE9: =IF($D9<=0,0,($C9^2/8*(AD9-SIN(AD9)))*(($C9^2/8*(AD9-SIN(AD9)))/($C9*AD9/2))^(2/3)*$D9^0.5/$E9) -> 0.001789057 | AF9: =AD9+IF(AE9<$B9,1,-1)*설정!$B$10/2^14 -> 1.3954786 | AG9: =IF($D9<=0,0,($C9^2/8*(AF9-SIN(AF9)))*(($C9^2/8*(AF9-SIN(AF9)))/($C9*AF9/2))^(2/3)*$D9^0.5/$E9) -> 0.0017874034 | AH9: =AF9+IF(AG9<$B9,1,-1)*설정!$B$10/2^15 -> 1.3956396 | AI9: =IF($D9<=0,0,($C9^2/8*(AH9-SIN(AH9)))*(($C9^2/8*(AH9-SIN(AH9)))/($C9*AH9/2))^(2/3)*$D9^0.5/$E9) -> 0.00178823 | AJ9: =AH9+IF(AI9<$B9,1,-1)*설정!$B$10/2^16 -> 1.3957202 | AK9: =IF($D9<=0,0,($C9^2/8*(AJ9-SIN(AJ9)))*(($C9^2/8*(AJ9-SIN(AJ9)))/($C9*AJ9/2))^(2/3)*$D9^0.5/$E9) -> 0.0017886435 | AL9: =AJ9+IF(AK9<$B9,1,-1)*설정!$B$10/2^17 -> 1.3957604 | AM9: =IF($D9<=0,0,($C9^2/8*(AL9-SIN(AL9)))*(($C9^2/8*(AL9-SIN(AL9)))/($C9*AL9/2))^(2/3)*$D9^0.5/$E9) -> 0.0017888502 | AN9: =AL9+IF(AM9<$B9,1,-1)*설정!$B$10/2^18 -> 1.3957806 | AO9: =IF($D9<=0,0,($C9^2/8*(AN9-SIN(AN9)))*(($C9^2/8*(AN9-SIN(AN9)))/($C9*AN9/2))^(2/3)*$D9^0.5/$E9) -> 0.0017889536 | AP9: =AN9+IF(AO9<$B9,1,-1)*설정!$B$10/2^19 -> 1.3957906 | AQ9: =IF($D9<=0,0,($C9^2/8*(AP9-SIN(AP9)))*(($C9^2/8*(AP9-SIN(AP9)))/($C9*AP9/2))^(2/3)*$D9^0.5/$E9) -> 0.0017890053 | AR9: =AP9+IF(AQ9<$B9,1,-1)*설정!$B$10/2^20 -> 1.3957856 | AS9: =IF($D9<=0,0,($C9^2/8*(AR9-SIN(AR9)))*(($C9^2/8*(AR9-SIN(AR9)))/($C9*AR9/2))^(2/3)*$D9^0.5/$E9) -> 0.0017889794 | AT9: =AR9+IF(AS9<$B9,1,-1)*설정!$B$10/2^21 -> 1.3957881 | AU9: =IF($D9<=0,0,($C9^2/8*(AT9-SIN(AT9)))*(($C9^2/8*(AT9-SIN(AT9)))/($C9*AT9/2))^(2/3)*$D9^0.5/$E9) -> 0.0017889924 | AV9: =AT9+IF(AU9<$B9,1,-1)*설정!$B$10/2^22 -> 1.3957894 | AW9: =IF($D9<=0,0,($C9^2/8*(AV9-SIN(AV9)))*(($C9^2/8*(AV9-SIN(AV9)))/($C9*AV9/2))^(2/3)*$D9^0.5/$E9) -> 0.0017889988 | AX9: =AV9+IF(AW9<$B9,1,-1)*설정!$B$10/2^23 -> 1.39579 | AY9: =IF($D9<=0,0,($C9^2/8*(AX9-SIN(AX9)))*(($C9^2/8*(AX9-SIN(AX9)))/($C9*AX9/2))^(2/3)*$D9^0.5/$E9) -> 0.001789002 | AZ9: =AX9+IF(AY9<$B9,1,-1)*설정!$B$10/2^24 -> 1.3957903 | BA9: =IF($D9<=0,0,($C9^2/8*(AZ9-SIN(AZ9)))*(($C9^2/8*(AZ9-SIN(AZ9)))/($C9*AZ9/2))^(2/3)*$D9^0.5/$E9) -> 0.0017890037 | BB9: =AZ9+IF(BA9<$B9,1,-1)*설정!$B$10/2^25 -> 1.3957905 | BC9: =IF($D9<=0,0,($C9^2/8*(BB9-SIN(BB9)))*(($C9^2/8*(BB9-SIN(BB9)))/($C9*BB9/2))^(2/3)*$D9^0.5/$E9) -> 0.0017890045 | BD9: =BB9+IF(BC9<$B9,1,-1)*설정!$B$10/2^26 -> 1.3957905 | BE9: =IF($D9<=0,0,($C9^2/8*(BD9-SIN(BD9)))*(($C9^2/8*(BD9-SIN(BD9)))/($C9*BD9/2))^(2/3)*$D9^0.5/$E9) -> 0.0017890049 | BF9: =BD9+IF(BE9<$B9,1,-1)*설정!$B$10/2^27 -> 1.3957905 | BG9: =IF($D9<=0,0,($C9^2/8*(BF9-SIN(BF9)))*(($C9^2/8*(BF9-SIN(BF9)))/($C9*BF9/2))^(2/3)*$D9^0.5/$E9) -> 0.0017890047 | BH9: =BF9+IF(BG9<$B9,1,-1)*설정!$B$10/2^28 -> 1.3957905 | BI9: =IF($D9<=0,0,($C9^2/8*(BH9-SIN(BH9)))*(($C9^2/8*(BH9-SIN(BH9)))/($C9*BH9/2))^(2/3)*$D9^0.5/$E9) -> 0.0017890046 | BJ9: =BH9+IF(BI9<$B9,1,-1)*설정!$B$10/2^29 -> 1.3957905 | BK9: =IF($D9<=0,0,($C9^2/8*(BJ9-SIN(BJ9)))*(($C9^2/8*(BJ9-SIN(BJ9)))/($C9*BJ9/2))^(2/3)*$D9^0.5/$E9) -> 0.0017890046 | BL9: =BJ9+IF(BK9<$B9,1,-1)*설정!$B$10/2^30 -> 1.3957905 | BM9: =IF($D9<=0,0,($C9^2/8*(BL9-SIN(BL9)))*(($C9^2/8*(BL9-SIN(BL9)))/($C9*BL9/2))^(2/3)*$D9^0.5/$E9) -> 0.0017890046 | BN9: =BL9+IF(BM9<$B9,1,-1)*설정!$B$10/2^31 -> 1.3957905 | BO9: =IF($D9<=0,0,($C9^2/8*(BN9-SIN(BN9)))*(($C9^2/8*(BN9-SIN(BN9)))/($C9*BN9/2))^(2/3)*$D9^0.5/$E9) -> 0.0017890046 | BP9: =BN9+IF(BO9<$B9,1,-1)*설정!$B$10/2^32 -> 1.3957905 | BQ9: =IF($D9<=0,0,($C9^2/8*(BP9-SIN(BP9)))*(($C9^2/8*(BP9-SIN(BP9)))/($C9*BP9/2))^(2/3)*$D9^0.5/$E9) -> 0.0017890046 | BR9: =BP9+IF(BQ9<$B9,1,-1)*설정!$B$10/2^33 -> 1.3957905 | BS9: =IF($D9<=0,0,($C9^2/8*(BR9-SIN(BR9)))*(($C9^2/8*(BR9-SIN(BR9)))/($C9*BR9/2))^(2/3)*$D9^0.5/$E9) -> 0.0017890046 | BT9: =BR9+IF(BS9<$B9,1,-1)*설정!$B$10/2^34 -> 1.3957905 | BU9: =IF($D9<=0,0,($C9^2/8*(BT9-SIN(BT9)))*(($C9^2/8*(BT9-SIN(BT9)))/($C9*BT9/2))^(2/3)*$D9^0.5/$E9) -> 0.0017890046 | BV9: =BT9+IF(BU9<$B9,1,-1)*설정!$B$10/2^35 -> 1.3957905 | BW9: =IF($D9<=0,0,($C9^2/8*(BV9-SIN(BV9)))*(($C9^2/8*(BV9-SIN(BV9)))/($C9*BV9/2))^(2/3)*$D9^0.5/$E9) -> 0.0017890046 | BX9: =BV9+IF(BW9<$B9,1,-1)*설정!$B$10/2^36 -> 1.3957905 | BY9: =IF($D9<=0,0,($C9^2/8*(BX9-SIN(BX9)))*(($C9^2/8*(BX9-SIN(BX9)))/($C9*BX9/2))^(2/3)*$D9^0.5/$E9) -> 0.0017890046 | BZ9: =BX9+IF(BY9<$B9,1,-1)*설정!$B$10/2^37 -> 1.3957905 | CA9: =IF($D9<=0,0,($C9^2/8*(BZ9-SIN(BZ9)))*(($C9^2/8*(BZ9-SIN(BZ9)))/($C9*BZ9/2))^(2/3)*$D9^0.5/$E9) -> 0.0017890046 | CB9: =BZ9+IF(CA9<$B9,1,-1)*설정!$B$10/2^38 -> 1.3957905 | CC9: =IF($D9<=0,0,($C9^2/8*(CB9-SIN(CB9)))*(($C9^2/8*(CB9-SIN(CB9)))/($C9*CB9/2))^(2/3)*$D9^0.5/$E9) -> 0.0017890046 | CD9: =CB9+IF(CC9<$B9,1,-1)*설정!$B$10/2^39 -> 1.3957905 | CE9: =IF($D9<=0,0,($C9^2/8*(CD9-SIN(CD9)))*(($C9^2/8*(CD9-SIN(CD9)))/($C9*CD9/2))^(2/3)*$D9^0.5/$E9) -> 0.0017890046 | CF9: =CD9+IF(CE9<$B9,1,-1)*설정!$B$10/2^40 -> 1.3957905 | CG9: =IF($D9<=0,0,($C9^2/8*(CF9-SIN(CF9)))*(($C9^2/8*(CF9-SIN(CF9)))/($C9*CF9/2))^(2/3)*$D9^0.5/$E9) -> 0.0017890046 | CH9: =CF9+IF(CG9<$B9,1,-1)*설정!$B$10/2^41 -> 1.3957905
A10: =계산!A10 -> BC-06 | B10: =계산!E10 -> 0.0017890046 | C10: =입력!E10/1000 -> 0.2 | D10: =(입력!F10-입력!G10)/입력!D10 -> 0.0106 | E10: =입력!J10 -> 0.011 | F10: =설정!$B$10/2 -> 2.6383016 | G10: =IF($D10<=0,0,($C10^2/8*(F10-SIN(F10)))*(($C10^2/8*(F10-SIN(F10)))/($C10*F10/2))^(2/3)*$D10^0.5/$E10) -> 0.01196939 | H10: =F10+IF(G10<$B10,1,-1)*설정!$B$10/2^2 -> 1.3191508 | I10: =IF($D10<=0,0,($C10^2/8*(H10-SIN(H10)))*(($C10^2/8*(H10-SIN(H10)))/($C10*H10/2))^(2/3)*$D10^0.5/$E10) -> 0.00092072604 | J10: =H10+IF(I10<$B10,1,-1)*설정!$B$10/2^3 -> 1.9787262 | K10: =IF($D10<=0,0,($C10^2/8*(J10-SIN(J10)))*(($C10^2/8*(J10-SIN(J10)))/($C10*J10/2))^(2/3)*$D10^0.5/$E10) -> 0.00444628 | L10: =J10+IF(K10<$B10,1,-1)*설정!$B$10/2^4 -> 1.6489385 | M10: =IF($D10<=0,0,($C10^2/8*(L10-SIN(L10)))*(($C10^2/8*(L10-SIN(L10)))/($C10*L10/2))^(2/3)*$D10^0.5/$E10) -> 0.0022308767 | N10: =L10+IF(M10<$B10,1,-1)*설정!$B$10/2^5 -> 1.4840447 | O10: =IF($D10<=0,0,($C10^2/8*(N10-SIN(N10)))*(($C10^2/8*(N10-SIN(N10)))/($C10*N10/2))^(2/3)*$D10^0.5/$E10) -> 0.0014756715 | P10: =N10+IF(O10<$B10,1,-1)*설정!$B$10/2^6 -> 1.5664916 | Q10: =IF($D10<=0,0,($C10^2/8*(P10-SIN(P10)))*(($C10^2/8*(P10-SIN(P10)))/($C10*P10/2))^(2/3)*$D10^0.5/$E10) -> 0.0018263856 | R10: =P10+IF(Q10<$B10,1,-1)*설정!$B$10/2^7 -> 1.5252681 | S10: =IF($D10<=0,0,($C10^2/8*(R10-SIN(R10)))*(($C10^2/8*(R10-SIN(R10)))/($C10*R10/2))^(2/3)*$D10^0.5/$E10) -> 0.0016445272 | T10: =R10+IF(S10<$B10,1,-1)*설정!$B$10/2^8 -> 1.5458798 | U10: =IF($D10<=0,0,($C10^2/8*(T10-SIN(T10)))*(($C10^2/8*(T10-SIN(T10)))/($C10*T10/2))^(2/3)*$D10^0.5/$E10) -> 0.0017338027 | V10: =T10+IF(U10<$B10,1,-1)*설정!$B$10/2^9 -> 1.5561857 | W10: =IF($D10<=0,0,($C10^2/8*(V10-SIN(V10)))*(($C10^2/8*(V10-SIN(V10)))/($C10*V10/2))^(2/3)*$D10^0.5/$E10) -> 0.0017796772 | X10: =V10+IF(W10<$B10,1,-1)*설정!$B$10/2^10 -> 1.5613386 | Y10: =IF($D10<=0,0,($C10^2/8*(X10-SIN(X10)))*(($C10^2/8*(X10-SIN(X10)))/($C10*X10/2))^(2/3)*$D10^0.5/$E10) -> 0.0018029268 | Z10: =X10+IF(Y10<$B10,1,-1)*설정!$B$10/2^11 -> 1.5587622 | AA10: =IF($D10<=0,0,($C10^2/8*(Z10-SIN(Z10)))*(($C10^2/8*(Z10-SIN(Z10)))/($C10*Z10/2))^(2/3)*$D10^0.5/$E10) -> 0.0017912759 | AB10: =Z10+IF(AA10<$B10,1,-1)*설정!$B$10/2^12 -> 1.5574739 | AC10: =IF($D10<=0,0,($C10^2/8*(AB10-SIN(AB10)))*(($C10^2/8*(AB10-SIN(AB10)))/($C10*AB10/2))^(2/3)*$D10^0.5/$E10) -> 0.00178547 | AD10: =AB10+IF(AC10<$B10,1,-1)*설정!$B$10/2^13 -> 1.5581181 | AE10: =IF($D10<=0,0,($C10^2/8*(AD10-SIN(AD10)))*(($C10^2/8*(AD10-SIN(AD10)))/($C10*AD10/2))^(2/3)*$D10^0.5/$E10) -> 0.0017883713 | AF10: =AD10+IF(AE10<$B10,1,-1)*설정!$B$10/2^14 -> 1.5584401 | AG10: =IF($D10<=0,0,($C10^2/8*(AF10-SIN(AF10)))*(($C10^2/8*(AF10-SIN(AF10)))/($C10*AF10/2))^(2/3)*$D10^0.5/$E10) -> 0.0017898232 | AH10: =AF10+IF(AG10<$B10,1,-1)*설정!$B$10/2^15 -> 1.5582791 | AI10: =IF($D10<=0,0,($C10^2/8*(AH10-SIN(AH10)))*(($C10^2/8*(AH10-SIN(AH10)))/($C10*AH10/2))^(2/3)*$D10^0.5/$E10) -> 0.0017890972 | AJ10: =AH10+IF(AI10<$B10,1,-1)*설정!$B$10/2^16 -> 1.5581986 | AK10: =IF($D10<=0,0,($C10^2/8*(AJ10-SIN(AJ10)))*(($C10^2/8*(AJ10-SIN(AJ10)))/($C10*AJ10/2))^(2/3)*$D10^0.5/$E10) -> 0.0017887342 | AL10: =AJ10+IF(AK10<$B10,1,-1)*설정!$B$10/2^17 -> 1.5582388 | AM10: =IF($D10<=0,0,($C10^2/8*(AL10-SIN(AL10)))*(($C10^2/8*(AL10-SIN(AL10)))/($C10*AL10/2))^(2/3)*$D10^0.5/$E10) -> 0.0017889157 | AN10: =AL10+IF(AM10<$B10,1,-1)*설정!$B$10/2^18 -> 1.558259 | AO10: =IF($D10<=0,0,($C10^2/8*(AN10-SIN(AN10)))*(($C10^2/8*(AN10-SIN(AN10)))/($C10*AN10/2))^(2/3)*$D10^0.5/$E10) -> 0.0017890064 | AP10: =AN10+IF(AO10<$B10,1,-1)*설정!$B$10/2^19 -> 1.5582489 | AQ10: =IF($D10<=0,0,($C10^2/8*(AP10-SIN(AP10)))*(($C10^2/8*(AP10-SIN(AP10)))/($C10*AP10/2))^(2/3)*$D10^0.5/$E10) -> 0.0017889611 | AR10: =AP10+IF(AQ10<$B10,1,-1)*설정!$B$10/2^20 -> 1.5582539 | AS10: =IF($D10<=0,0,($C10^2/8*(AR10-SIN(AR10)))*(($C10^2/8*(AR10-SIN(AR10)))/($C10*AR10/2))^(2/3)*$D10^0.5/$E10) -> 0.0017889837 | AT10: =AR10+IF(AS10<$B10,1,-1)*설정!$B$10/2^21 -> 1.5582564 | AU10: =IF($D10<=0,0,($C10^2/8*(AT10-SIN(AT10)))*(($C10^2/8*(AT10-SIN(AT10)))/($C10*AT10/2))^(2/3)*$D10^0.5/$E10) -> 0.0017889951 | AV10: =AT10+IF(AU10<$B10,1,-1)*설정!$B$10/2^22 -> 1.5582577 | AW10: =IF($D10<=0,0,($C10^2/8*(AV10-SIN(AV10)))*(($C10^2/8*(AV10-SIN(AV10)))/($C10*AV10/2))^(2/3)*$D10^0.5/$E10) -> 0.0017890008 | AX10: =AV10+IF(AW10<$B10,1,-1)*설정!$B$10/2^23 -> 1.5582583 | AY10: =IF($D10<=0,0,($C10^2/8*(AX10-SIN(AX10)))*(($C10^2/8*(AX10-SIN(AX10)))/($C10*AX10/2))^(2/3)*$D10^0.5/$E10) -> 0.0017890036 | AZ10: =AX10+IF(AY10<$B10,1,-1)*설정!$B$10/2^24 -> 1.5582586 | BA10: =IF($D10<=0,0,($C10^2/8*(AZ10-SIN(AZ10)))*(($C10^2/8*(AZ10-SIN(AZ10)))/($C10*AZ10/2))^(2/3)*$D10^0.5/$E10) -> 0.001789005 | BB10: =AZ10+IF(BA10<$B10,1,-1)*설정!$B$10/2^25 -> 1.5582585 | BC10: =IF($D10<=0,0,($C10^2/8*(BB10-SIN(BB10)))*(($C10^2/8*(BB10-SIN(BB10)))/($C10*BB10/2))^(2/3)*$D10^0.5/$E10) -> 0.0017890043 | BD10: =BB10+IF(BC10<$B10,1,-1)*설정!$B$10/2^26 -> 1.5582586 | BE10: =IF($D10<=0,0,($C10^2/8*(BD10-SIN(BD10)))*(($C10^2/8*(BD10-SIN(BD10)))/($C10*BD10/2))^(2/3)*$D10^0.5/$E10) -> 0.0017890047 | BF10: =BD10+IF(BE10<$B10,1,-1)*설정!$B$10/2^27 -> 1.5582585 | BG10: =IF($D10<=0,0,($C10^2/8*(BF10-SIN(BF10)))*(($C10^2/8*(BF10-SIN(BF10)))/($C10*BF10/2))^(2/3)*$D10^0.5/$E10) -> 0.0017890045 | BH10: =BF10+IF(BG10<$B10,1,-1)*설정!$B$10/2^28 -> 1.5582586 | BI10: =IF($D10<=0,0,($C10^2/8*(BH10-SIN(BH10)))*(($C10^2/8*(BH10-SIN(BH10)))/($C10*BH10/2))^(2/3)*$D10^0.5/$E10) -> 0.0017890046 | BJ10: =BH10+IF(BI10<$B10,1,-1)*설정!$B$10/2^29 -> 1.5582586 | BK10: =IF($D10<=0,0,($C10^2/8*(BJ10-SIN(BJ10)))*(($C10^2/8*(BJ10-SIN(BJ10)))/($C10*BJ10/2))^(2/3)*$D10^0.5/$E10) -> 0.0017890046 | BL10: =BJ10+IF(BK10<$B10,1,-1)*설정!$B$10/2^30 -> 1.5582586 | BM10: =IF($D10<=0,0,($C10^2/8*(BL10-SIN(BL10)))*(($C10^2/8*(BL10-SIN(BL10)))/($C10*BL10/2))^(2/3)*$D10^0.5/$E10) -> 0.0017890046 | BN10: =BL10+IF(BM10<$B10,1,-1)*설정!$B$10/2^31 -> 1.5582586 | BO10: =IF($D10<=0,0,($C10^2/8*(BN10-SIN(BN10)))*(($C10^2/8*(BN10-SIN(BN10)))/($C10*BN10/2))^(2/3)*$D10^0.5/$E10) -> 0.0017890046 | BP10: =BN10+IF(BO10<$B10,1,-1)*설정!$B$10/2^32 -> 1.5582586 | BQ10: =IF($D10<=0,0,($C10^2/8*(BP10-SIN(BP10)))*(($C10^2/8*(BP10-SIN(BP10)))/($C10*BP10/2))^(2/3)*$D10^0.5/$E10) -> 0.0017890046 | BR10: =BP10+IF(BQ10<$B10,1,-1)*설정!$B$10/2^33 -> 1.5582586 | BS10: =IF($D10<=0,0,($C10^2/8*(BR10-SIN(BR10)))*(($C10^2/8*(BR10-SIN(BR10)))/($C10*BR10/2))^(2/3)*$D10^0.5/$E10) -> 0.0017890046 | BT10: =BR10+IF(BS10<$B10,1,-1)*설정!$B$10/2^34 -> 1.5582586 | BU10: =IF($D10<=0,0,($C10^2/8*(BT10-SIN(BT10)))*(($C10^2/8*(BT10-SIN(BT10)))/($C10*BT10/2))^(2/3)*$D10^0.5/$E10) -> 0.0017890046 | BV10: =BT10+IF(BU10<$B10,1,-1)*설정!$B$10/2^35 -> 1.5582586 | BW10: =IF($D10<=0,0,($C10^2/8*(BV10-SIN(BV10)))*(($C10^2/8*(BV10-SIN(BV10)))/($C10*BV10/2))^(2/3)*$D10^0.5/$E10) -> 0.0017890046 | BX10: =BV10+IF(BW10<$B10,1,-1)*설정!$B$10/2^36 -> 1.5582586 | BY10: =IF($D10<=0,0,($C10^2/8*(BX10-SIN(BX10)))*(($C10^2/8*(BX10-SIN(BX10)))/($C10*BX10/2))^(2/3)*$D10^0.5/$E10) -> 0.0017890046 | BZ10: =BX10+IF(BY10<$B10,1,-1)*설정!$B$10/2^37 -> 1.5582586 | CA10: =IF($D10<=0,0,($C10^2/8*(BZ10-SIN(BZ10)))*(($C10^2/8*(BZ10-SIN(BZ10)))/($C10*BZ10/2))^(2/3)*$D10^0.5/$E10) -> 0.0017890046 | CB10: =BZ10+IF(CA10<$B10,1,-1)*설정!$B$10/2^38 -> 1.5582586 | CC10: =IF($D10<=0,0,($C10^2/8*(CB10-SIN(CB10)))*(($C10^2/8*(CB10-SIN(CB10)))/($C10*CB10/2))^(2/3)*$D10^0.5/$E10) -> 0.0017890046 | CD10: =CB10+IF(CC10<$B10,1,-1)*설정!$B$10/2^39 -> 1.5582586 | CE10: =IF($D10<=0,0,($C10^2/8*(CD10-SIN(CD10)))*(($C10^2/8*(CD10-SIN(CD10)))/($C10*CD10/2))^(2/3)*$D10^0.5/$E10) -> 0.0017890046 | CF10: =CD10+IF(CE10<$B10,1,-1)*설정!$B$10/2^40 -> 1.5582586 | CG10: =IF($D10<=0,0,($C10^2/8*(CF10-SIN(CF10)))*(($C10^2/8*(CF10-SIN(CF10)))/($C10*CF10/2))^(2/3)*$D10^0.5/$E10) -> 0.0017890046 | CH10: =CF10+IF(CG10<$B10,1,-1)*설정!$B$10/2^41 -> 1.5582586
A11: =계산!A11 -> BC-07 | B11: =계산!E11 -> 0.0017890046 | C11: =입력!E11/1000 -> 0.2 | D11: =(입력!F11-입력!G11)/입력!D11 -> 0.0118 | E11: =입력!J11 -> 0.011 | F11: =설정!$B$10/2 -> 2.6383016 | G11: =IF($D11<=0,0,($C11^2/8*(F11-SIN(F11)))*(($C11^2/8*(F11-SIN(F11)))/($C11*F11/2))^(2/3)*$D11^0.5/$E11) -> 0.012628742 | H11: =F11+IF(G11<$B11,1,-1)*설정!$B$10/2^2 -> 1.3191508 | I11: =IF($D11<=0,0,($C11^2/8*(H11-SIN(H11)))*(($C11^2/8*(H11-SIN(H11)))/($C11*H11/2))^(2/3)*$D11^0.5/$E11) -> 0.00097144563 | J11: =H11+IF(I11<$B11,1,-1)*설정!$B$10/2^3 -> 1.9787262 | K11: =IF($D11<=0,0,($C11^2/8*(J11-SIN(J11)))*(($C11^2/8*(J11-SIN(J11)))/($C11*J11/2))^(2/3)*$D11^0.5/$E11) -> 0.0046912101 | L11: =J11+IF(K11<$B11,1,-1)*설정!$B$10/2^4 -> 1.6489385 | M11: =IF($D11<=0,0,($C11^2/8*(L11-SIN(L11)))*(($C11^2/8*(L11-SIN(L11)))/($C11*L11/2))^(2/3)*$D11^0.5/$E11) -> 0.0023537679 | N11: =L11+IF(M11<$B11,1,-1)*설정!$B$10/2^5 -> 1.4840447 | O11: =IF($D11<=0,0,($C11^2/8*(N11-SIN(N11)))*(($C11^2/8*(N11-SIN(N11)))/($C11*N11/2))^(2/3)*$D11^0.5/$E11) -> 0.0015569611 | P11: =N11+IF(O11<$B11,1,-1)*설정!$B$10/2^6 -> 1.5664916 | Q11: =IF($D11<=0,0,($C11^2/8*(P11-SIN(P11)))*(($C11^2/8*(P11-SIN(P11)))/($C11*P11/2))^(2/3)*$D11^0.5/$E11) -> 0.0019269948 | R11: =P11+IF(Q11<$B11,1,-1)*설정!$B$10/2^7 -> 1.5252681 | S11: =IF($D11<=0,0,($C11^2/8*(R11-SIN(R11)))*(($C11^2/8*(R11-SIN(R11)))/($C11*R11/2))^(2/3)*$D11^0.5/$E11) -> 0.0017351184 | T11: =R11+IF(S11<$B11,1,-1)*설정!$B$10/2^8 -> 1.5458798 | U11: =IF($D11<=0,0,($C11^2/8*(T11-SIN(T11)))*(($C11^2/8*(T11-SIN(T11)))/($C11*T11/2))^(2/3)*$D11^0.5/$E11) -> 0.0018293118 | V11: =T11+IF(U11<$B11,1,-1)*설정!$B$10/2^9 -> 1.535574 | W11: =IF($D11<=0,0,($C11^2/8*(V11-SIN(V11)))*(($C11^2/8*(V11-SIN(V11)))/($C11*V11/2))^(2/3)*$D11^0.5/$E11) -> 0.0017817826 | X11: =V11+IF(W11<$B11,1,-1)*설정!$B$10/2^10 -> 1.5407269 | Y11: =IF($D11<=0,0,($C11^2/8*(X11-SIN(X11)))*(($C11^2/8*(X11-SIN(X11)))/($C11*X11/2))^(2/3)*$D11^0.5/$E11) -> 0.0018054386 | Z11: =X11+IF(Y11<$B11,1,-1)*설정!$B$10/2^11 -> 1.5381504 | AA11: =IF($D11<=0,0,($C11^2/8*(Z11-SIN(Z11)))*(($C11^2/8*(Z11-SIN(Z11)))/($C11*Z11/2))^(2/3)*$D11^0.5/$E11) -> 0.0017935835 | AB11: =Z11+IF(AA11<$B11,1,-1)*설정!$B$10/2^12 -> 1.5368622 | AC11: =IF($D11<=0,0,($C11^2/8*(AB11-SIN(AB11)))*(($C11^2/8*(AB11-SIN(AB11)))/($C11*AB11/2))^(2/3)*$D11^0.5/$E11) -> 0.0017876763 | AD11: =AB11+IF(AC11<$B11,1,-1)*설정!$B$10/2^13 -> 1.5375063 | AE11: =IF($D11<=0,0,($C11^2/8*(AD11-SIN(AD11)))*(($C11^2/8*(AD11-SIN(AD11)))/($C11*AD11/2))^(2/3)*$D11^0.5/$E11) -> 0.0017906282 | AF11: =AD11+IF(AE11<$B11,1,-1)*설정!$B$10/2^14 -> 1.5371843 | AG11: =IF($D11<=0,0,($C11^2/8*(AF11-SIN(AF11)))*(($C11^2/8*(AF11-SIN(AF11)))/($C11*AF11/2))^(2/3)*$D11^0.5/$E11) -> 0.0017891518 | AH11: =AF11+IF(AG11<$B11,1,-1)*설정!$B$10/2^15 -> 1.5370232 | AI11: =IF($D11<=0,0,($C11^2/8*(AH11-SIN(AH11)))*(($C11^2/8*(AH11-SIN(AH11)))/($C11*AH11/2))^(2/3)*$D11^0.5/$E11) -> 0.001788414 | AJ11: =AH11+IF(AI11<$B11,1,-1)*설정!$B$10/2^16 -> 1.5371038 | AK11: =IF($D11<=0,0,($C11^2/8*(AJ11-SIN(AJ11)))*(($C11^2/8*(AJ11-SIN(AJ11)))/($C11*AJ11/2))^(2/3)*$D11^0.5/$E11) -> 0.0017887829 | AL11: =AJ11+IF(AK11<$B11,1,-1)*설정!$B$10/2^17 -> 1.537144 | AM11: =IF($D11<=0,0,($C11^2/8*(AL11-SIN(AL11)))*(($C11^2/8*(AL11-SIN(AL11)))/($C11*AL11/2))^(2/3)*$D11^0.5/$E11) -> 0.0017889673 | AN11: =AL11+IF(AM11<$B11,1,-1)*설정!$B$10/2^18 -> 1.5371641 | AO11: =IF($D11<=0,0,($C11^2/8*(AN11-SIN(AN11)))*(($C11^2/8*(AN11-SIN(AN11)))/($C11*AN11/2))^(2/3)*$D11^0.5/$E11) -> 0.0017890596 | AP11: =AN11+IF(AO11<$B11,1,-1)*설정!$B$10/2^19 -> 1.5371541 | AQ11: =IF($D11<=0,0,($C11^2/8*(AP11-SIN(AP11)))*(($C11^2/8*(AP11-SIN(AP11)))/($C11*AP11/2))^(2/3)*$D11^0.5/$E11) -> 0.0017890135 | AR11: =AP11+IF(AQ11<$B11,1,-1)*설정!$B$10/2^20 -> 1.537149 | AS11: =IF($D11<=0,0,($C11^2/8*(AR11-SIN(AR11)))*(($C11^2/8*(AR11-SIN(AR11)))/($C11*AR11/2))^(2/3)*$D11^0.5/$E11) -> 0.0017889904 | AT11: =AR11+IF(AS11<$B11,1,-1)*설정!$B$10/2^21 -> 1.5371516 | AU11: =IF($D11<=0,0,($C11^2/8*(AT11-SIN(AT11)))*(($C11^2/8*(AT11-SIN(AT11)))/($C11*AT11/2))^(2/3)*$D11^0.5/$E11) -> 0.0017890019 | AV11: =AT11+IF(AU11<$B11,1,-1)*설정!$B$10/2^22 -> 1.5371528 | AW11: =IF($D11<=0,0,($C11^2/8*(AV11-SIN(AV11)))*(($C11^2/8*(AV11-SIN(AV11)))/($C11*AV11/2))^(2/3)*$D11^0.5/$E11) -> 0.0017890077 | AX11: =AV11+IF(AW11<$B11,1,-1)*설정!$B$10/2^23 -> 1.5371522 | AY11: =IF($D11<=0,0,($C11^2/8*(AX11-SIN(AX11)))*(($C11^2/8*(AX11-SIN(AX11)))/($C11*AX11/2))^(2/3)*$D11^0.5/$E11) -> 0.0017890048 | AZ11: =AX11+IF(AY11<$B11,1,-1)*설정!$B$10/2^24 -> 1.5371519 | BA11: =IF($D11<=0,0,($C11^2/8*(AZ11-SIN(AZ11)))*(($C11^2/8*(AZ11-SIN(AZ11)))/($C11*AZ11/2))^(2/3)*$D11^0.5/$E11) -> 0.0017890034 | BB11: =AZ11+IF(BA11<$B11,1,-1)*설정!$B$10/2^25 -> 1.537152 | BC11: =IF($D11<=0,0,($C11^2/8*(BB11-SIN(BB11)))*(($C11^2/8*(BB11-SIN(BB11)))/($C11*BB11/2))^(2/3)*$D11^0.5/$E11) -> 0.0017890041 | BD11: =BB11+IF(BC11<$B11,1,-1)*설정!$B$10/2^26 -> 1.5371521 | BE11: =IF($D11<=0,0,($C11^2/8*(BD11-SIN(BD11)))*(($C11^2/8*(BD11-SIN(BD11)))/($C11*BD11/2))^(2/3)*$D11^0.5/$E11) -> 0.0017890045 | BF11: =BD11+IF(BE11<$B11,1,-1)*설정!$B$10/2^27 -> 1.5371522 | BG11: =IF($D11<=0,0,($C11^2/8*(BF11-SIN(BF11)))*(($C11^2/8*(BF11-SIN(BF11)))/($C11*BF11/2))^(2/3)*$D11^0.5/$E11) -> 0.0017890046 | BH11: =BF11+IF(BG11<$B11,1,-1)*설정!$B$10/2^28 -> 1.5371521 | BI11: =IF($D11<=0,0,($C11^2/8*(BH11-SIN(BH11)))*(($C11^2/8*(BH11-SIN(BH11)))/($C11*BH11/2))^(2/3)*$D11^0.5/$E11) -> 0.0017890045 | BJ11: =BH11+IF(BI11<$B11,1,-1)*설정!$B$10/2^29 -> 1.5371521 | BK11: =IF($D11<=0,0,($C11^2/8*(BJ11-SIN(BJ11)))*(($C11^2/8*(BJ11-SIN(BJ11)))/($C11*BJ11/2))^(2/3)*$D11^0.5/$E11) -> 0.0017890046 | BL11: =BJ11+IF(BK11<$B11,1,-1)*설정!$B$10/2^30 -> 1.5371521 | BM11: =IF($D11<=0,0,($C11^2/8*(BL11-SIN(BL11)))*(($C11^2/8*(BL11-SIN(BL11)))/($C11*BL11/2))^(2/3)*$D11^0.5/$E11) -> 0.0017890046 | BN11: =BL11+IF(BM11<$B11,1,-1)*설정!$B$10/2^31 -> 1.5371522 | BO11: =IF($D11<=0,0,($C11^2/8*(BN11-SIN(BN11)))*(($C11^2/8*(BN11-SIN(BN11)))/($C11*BN11/2))^(2/3)*$D11^0.5/$E11) -> 0.0017890046 | BP11: =BN11+IF(BO11<$B11,1,-1)*설정!$B$10/2^32 -> 1.5371522 | BQ11: =IF($D11<=0,0,($C11^2/8*(BP11-SIN(BP11)))*(($C11^2/8*(BP11-SIN(BP11)))/($C11*BP11/2))^(2/3)*$D11^0.5/$E11) -> 0.0017890046 | BR11: =BP11+IF(BQ11<$B11,1,-1)*설정!$B$10/2^33 -> 1.5371522 | BS11: =IF($D11<=0,0,($C11^2/8*(BR11-SIN(BR11)))*(($C11^2/8*(BR11-SIN(BR11)))/($C11*BR11/2))^(2/3)*$D11^0.5/$E11) -> 0.0017890046 | BT11: =BR11+IF(BS11<$B11,1,-1)*설정!$B$10/2^34 -> 1.5371522 | BU11: =IF($D11<=0,0,($C11^2/8*(BT11-SIN(BT11)))*(($C11^2/8*(BT11-SIN(BT11)))/($C11*BT11/2))^(2/3)*$D11^0.5/$E11) -> 0.0017890046 | BV11: =BT11+IF(BU11<$B11,1,-1)*설정!$B$10/2^35 -> 1.5371522 | BW11: =IF($D11<=0,0,($C11^2/8*(BV11-SIN(BV11)))*(($C11^2/8*(BV11-SIN(BV11)))/($C11*BV11/2))^(2/3)*$D11^0.5/$E11) -> 0.0017890046 | BX11: =BV11+IF(BW11<$B11,1,-1)*설정!$B$10/2^36 -> 1.5371522 | BY11: =IF($D11<=0,0,($C11^2/8*(BX11-SIN(BX11)))*(($C11^2/8*(BX11-SIN(BX11)))/($C11*BX11/2))^(2/3)*$D11^0.5/$E11) -> 0.0017890046 | BZ11: =BX11+IF(BY11<$B11,1,-1)*설정!$B$10/2^37 -> 1.5371522 | CA11: =IF($D11<=0,0,($C11^2/8*(BZ11-SIN(BZ11)))*(($C11^2/8*(BZ11-SIN(BZ11)))/($C11*BZ11/2))^(2/3)*$D11^0.5/$E11) -> 0.0017890046 | CB11: =BZ11+IF(CA11<$B11,1,-1)*설정!$B$10/2^38 -> 1.5371522 | CC11: =IF($D11<=0,0,($C11^2/8*(CB11-SIN(CB11)))*(($C11^2/8*(CB11-SIN(CB11)))/($C11*CB11/2))^(2/3)*$D11^0.5/$E11) -> 0.0017890046 | CD11: =CB11+IF(CC11<$B11,1,-1)*설정!$B$10/2^39 -> 1.5371522 | CE11: =IF($D11<=0,0,($C11^2/8*(CD11-SIN(CD11)))*(($C11^2/8*(CD11-SIN(CD11)))/($C11*CD11/2))^(2/3)*$D11^0.5/$E11) -> 0.0017890046 | CF11: =CD11+IF(CE11<$B11,1,-1)*설정!$B$10/2^40 -> 1.5371522 | CG11: =IF($D11<=0,0,($C11^2/8*(CF11-SIN(CF11)))*(($C11^2/8*(CF11-SIN(CF11)))/($C11*CF11/2))^(2/3)*$D11^0.5/$E11) -> 0.0017890046 | CH11: =CF11+IF(CG11<$B11,1,-1)*설정!$B$10/2^41 -> 1.5371522
A12: =계산!A12 -> BC-08 | B12: =계산!E12 -> 0.0017890046 | C12: =입력!E12/1000 -> 0.2 | D12: =(입력!F12-입력!G12)/입력!D12 -> 0.01825 | E12: =입력!J12 -> 0.011 | F12: =설정!$B$10/2 -> 2.6383016 | G12: =IF($D12<=0,0,($C12^2/8*(F12-SIN(F12)))*(($C12^2/8*(F12-SIN(F12)))/($C12*F12/2))^(2/3)*$D12^0.5/$E12) -> 0.015705455 | H12: =F12+IF(G12<$B12,1,-1)*설정!$B$10/2^2 -> 1.3191508 | I12: =IF($D12<=0,0,($C12^2/8*(H12-SIN(H12)))*(($C12^2/8*(H12-SIN(H12)))/($C12*H12/2))^(2/3)*$D12^0.5/$E12) -> 0.0012081168 | J12: =H12+IF(I12<$B12,1,-1)*설정!$B$10/2^3 -> 1.9787262 | K12: =IF($D12<=0,0,($C12^2/8*(J12-SIN(J12)))*(($C12^2/8*(J12-SIN(J12)))/($C12*J12/2))^(2/3)*$D12^0.5/$E12) -> 0.0058341194 | L12: =J12+IF(K12<$B12,1,-1)*설정!$B$10/2^4 -> 1.6489385 | M12: =IF($D12<=0,0,($C12^2/8*(L12-SIN(L12)))*(($C12^2/8*(L12-SIN(L12)))/($C12*L12/2))^(2/3)*$D12^0.5/$E12) -> 0.0029272112 | N12: =L12+IF(M12<$B12,1,-1)*설정!$B$10/2^5 -> 1.4840447 | O12: =IF($D12<=0,0,($C12^2/8*(N12-SIN(N12)))*(($C12^2/8*(N12-SIN(N12)))/($C12*N12/2))^(2/3)*$D12^0.5/$E12) -> 0.0019362801 | P12: =N12+IF(O12<$B12,1,-1)*설정!$B$10/2^6 -> 1.4015977 | Q12: =IF($D12<=0,0,($C12^2/8*(P12-SIN(P12)))*(($C12^2/8*(P12-SIN(P12)))/($C12*P12/2))^(2/3)*$D12^0.5/$E12) -> 0.0015418752 | R12: =P12+IF(Q12<$B12,1,-1)*설정!$B$10/2^7 -> 1.4428212 | S12: =IF($D12<=0,0,($C12^2/8*(R12-SIN(R12)))*(($C12^2/8*(R12-SIN(R12)))/($C12*R12/2))^(2/3)*$D12^0.5/$E12) -> 0.001731169 | T12: =R12+IF(S12<$B12,1,-1)*설정!$B$10/2^8 -> 1.4634329 | U12: =IF($D12<=0,0,($C12^2/8*(T12-SIN(T12)))*(($C12^2/8*(T12-SIN(T12)))/($C12*T12/2))^(2/3)*$D12^0.5/$E12) -> 0.0018317073 | V12: =T12+IF(U12<$B12,1,-1)*설정!$B$10/2^9 -> 1.4531271 | W12: =IF($D12<=0,0,($C12^2/8*(V12-SIN(V12)))*(($C12^2/8*(V12-SIN(V12)))/($C12*V12/2))^(2/3)*$D12^0.5/$E12) -> 0.0017809388 | X12: =V12+IF(W12<$B12,1,-1)*설정!$B$10/2^10 -> 1.45828 | Y12: =IF($D12<=0,0,($C12^2/8*(X12-SIN(X12)))*(($C12^2/8*(X12-SIN(X12)))/($C12*X12/2))^(2/3)*$D12^0.5/$E12) -> 0.0018061976 | Z12: =X12+IF(Y12<$B12,1,-1)*설정!$B$10/2^11 -> 1.4557035 | AA12: =IF($D12<=0,0,($C12^2/8*(Z12-SIN(Z12)))*(($C12^2/8*(Z12-SIN(Z12)))/($C12*Z12/2))^(2/3)*$D12^0.5/$E12) -> 0.0017935369 | AB12: =Z12+IF(AA12<$B12,1,-1)*설정!$B$10/2^12 -> 1.4544153 | AC12: =IF($D12<=0,0,($C12^2/8*(AB12-SIN(AB12)))*(($C12^2/8*(AB12-SIN(AB12)))/($C12*AB12/2))^(2/3)*$D12^0.5/$E12) -> 0.00178723 | AD12: =AB12+IF(AC12<$B12,1,-1)*설정!$B$10/2^13 -> 1.4550594 | AE12: =IF($D12<=0,0,($C12^2/8*(AD12-SIN(AD12)))*(($C12^2/8*(AD12-SIN(AD12)))/($C12*AD12/2))^(2/3)*$D12^0.5/$E12) -> 0.0017903815 | AF12: =AD12+IF(AE12<$B12,1,-1)*설정!$B$10/2^14 -> 1.4547373 | AG12: =IF($D12<=0,0,($C12^2/8*(AF12-SIN(AF12)))*(($C12^2/8*(AF12-SIN(AF12)))/($C12*AF12/2))^(2/3)*$D12^0.5/$E12) -> 0.0017888053 | AH12: =AF12+IF(AG12<$B12,1,-1)*설정!$B$10/2^15 -> 1.4548984 | AI12: =IF($D12<=0,0,($C12^2/8*(AH12-SIN(AH12)))*(($C12^2/8*(AH12-SIN(AH12)))/($C12*AH12/2))^(2/3)*$D12^0.5/$E12) -> 0.0017895933 | AJ12: =AH12+IF(AI12<$B12,1,-1)*설정!$B$10/2^16 -> 1.4548179 | AK12: =IF($D12<=0,0,($C12^2/8*(AJ12-SIN(AJ12)))*(($C12^2/8*(AJ12-SIN(AJ12)))/($C12*AJ12/2))^(2/3)*$D12^0.5/$E12) -> 0.0017891993 | AL12: =AJ12+IF(AK12<$B12,1,-1)*설정!$B$10/2^17 -> 1.4547776 | AM12: =IF($D12<=0,0,($C12^2/8*(AL12-SIN(AL12)))*(($C12^2/8*(AL12-SIN(AL12)))/($C12*AL12/2))^(2/3)*$D12^0.5/$E12) -> 0.0017890023 | AN12: =AL12+IF(AM12<$B12,1,-1)*설정!$B$10/2^18 -> 1.4547977 | AO12: =IF($D12<=0,0,($C12^2/8*(AN12-SIN(AN12)))*(($C12^2/8*(AN12-SIN(AN12)))/($C12*AN12/2))^(2/3)*$D12^0.5/$E12) -> 0.0017891008 | AP12: =AN12+IF(AO12<$B12,1,-1)*설정!$B$10/2^19 -> 1.4547877 | AQ12: =IF($D12<=0,0,($C12^2/8*(AP12-SIN(AP12)))*(($C12^2/8*(AP12-SIN(AP12)))/($C12*AP12/2))^(2/3)*$D12^0.5/$E12) -> 0.0017890515 | AR12: =AP12+IF(AQ12<$B12,1,-1)*설정!$B$10/2^20 -> 1.4547826 | AS12: =IF($D12<=0,0,($C12^2/8*(AR12-SIN(AR12)))*(($C12^2/8*(AR12-SIN(AR12)))/($C12*AR12/2))^(2/3)*$D12^0.5/$E12) -> 0.0017890269 | AT12: =AR12+IF(AS12<$B12,1,-1)*설정!$B$10/2^21 -> 1.4547801 | AU12: =IF($D12<=0,0,($C12^2/8*(AT12-SIN(AT12)))*(($C12^2/8*(AT12-SIN(AT12)))/($C12*AT12/2))^(2/3)*$D12^0.5/$E12) -> 0.0017890146 | AV12: =AT12+IF(AU12<$B12,1,-1)*설정!$B$10/2^22 -> 1.4547789 | AW12: =IF($D12<=0,0,($C12^2/8*(AV12-SIN(AV12)))*(($C12^2/8*(AV12-SIN(AV12)))/($C12*AV12/2))^(2/3)*$D12^0.5/$E12) -> 0.0017890084 | AX12: =AV12+IF(AW12<$B12,1,-1)*설정!$B$10/2^23 -> 1.4547782 | AY12: =IF($D12<=0,0,($C12^2/8*(AX12-SIN(AX12)))*(($C12^2/8*(AX12-SIN(AX12)))/($C12*AX12/2))^(2/3)*$D12^0.5/$E12) -> 0.0017890053 | AZ12: =AX12+IF(AY12<$B12,1,-1)*설정!$B$10/2^24 -> 1.4547779 | BA12: =IF($D12<=0,0,($C12^2/8*(AZ12-SIN(AZ12)))*(($C12^2/8*(AZ12-SIN(AZ12)))/($C12*AZ12/2))^(2/3)*$D12^0.5/$E12) -> 0.0017890038 | BB12: =AZ12+IF(BA12<$B12,1,-1)*설정!$B$10/2^25 -> 1.4547781 | BC12: =IF($D12<=0,0,($C12^2/8*(BB12-SIN(BB12)))*(($C12^2/8*(BB12-SIN(BB12)))/($C12*BB12/2))^(2/3)*$D12^0.5/$E12) -> 0.0017890046 | BD12: =BB12+IF(BC12<$B12,1,-1)*설정!$B$10/2^26 -> 1.4547782 | BE12: =IF($D12<=0,0,($C12^2/8*(BD12-SIN(BD12)))*(($C12^2/8*(BD12-SIN(BD12)))/($C12*BD12/2))^(2/3)*$D12^0.5/$E12) -> 0.001789005 | BF12: =BD12+IF(BE12<$B12,1,-1)*설정!$B$10/2^27 -> 1.4547781 | BG12: =IF($D12<=0,0,($C12^2/8*(BF12-SIN(BF12)))*(($C12^2/8*(BF12-SIN(BF12)))/($C12*BF12/2))^(2/3)*$D12^0.5/$E12) -> 0.0017890048 | BH12: =BF12+IF(BG12<$B12,1,-1)*설정!$B$10/2^28 -> 1.4547781 | BI12: =IF($D12<=0,0,($C12^2/8*(BH12-SIN(BH12)))*(($C12^2/8*(BH12-SIN(BH12)))/($C12*BH12/2))^(2/3)*$D12^0.5/$E12) -> 0.0017890047 | BJ12: =BH12+IF(BI12<$B12,1,-1)*설정!$B$10/2^29 -> 1.4547781 | BK12: =IF($D12<=0,0,($C12^2/8*(BJ12-SIN(BJ12)))*(($C12^2/8*(BJ12-SIN(BJ12)))/($C12*BJ12/2))^(2/3)*$D12^0.5/$E12) -> 0.0017890046 | BL12: =BJ12+IF(BK12<$B12,1,-1)*설정!$B$10/2^30 -> 1.4547781 | BM12: =IF($D12<=0,0,($C12^2/8*(BL12-SIN(BL12)))*(($C12^2/8*(BL12-SIN(BL12)))/($C12*BL12/2))^(2/3)*$D12^0.5/$E12) -> 0.0017890046 | BN12: =BL12+IF(BM12<$B12,1,-1)*설정!$B$10/2^31 -> 1.4547781 | BO12: =IF($D12<=0,0,($C12^2/8*(BN12-SIN(BN12)))*(($C12^2/8*(BN12-SIN(BN12)))/($C12*BN12/2))^(2/3)*$D12^0.5/$E12) -> 0.0017890046 | BP12: =BN12+IF(BO12<$B12,1,-1)*설정!$B$10/2^32 -> 1.4547781 | BQ12: =IF($D12<=0,0,($C12^2/8*(BP12-SIN(BP12)))*(($C12^2/8*(BP12-SIN(BP12)))/($C12*BP12/2))^(2/3)*$D12^0.5/$E12) -> 0.0017890046 | BR12: =BP12+IF(BQ12<$B12,1,-1)*설정!$B$10/2^33 -> 1.4547781 | BS12: =IF($D12<=0,0,($C12^2/8*(BR12-SIN(BR12)))*(($C12^2/8*(BR12-SIN(BR12)))/($C12*BR12/2))^(2/3)*$D12^0.5/$E12) -> 0.0017890046 | BT12: =BR12+IF(BS12<$B12,1,-1)*설정!$B$10/2^34 -> 1.4547781 | BU12: =IF($D12<=0,0,($C12^2/8*(BT12-SIN(BT12)))*(($C12^2/8*(BT12-SIN(BT12)))/($C12*BT12/2))^(2/3)*$D12^0.5/$E12) -> 0.0017890046 | BV12: =BT12+IF(BU12<$B12,1,-1)*설정!$B$10/2^35 -> 1.4547781 | BW12: =IF($D12<=0,0,($C12^2/8*(BV12-SIN(BV12)))*(($C12^2/8*(BV12-SIN(BV12)))/($C12*BV12/2))^(2/3)*$D12^0.5/$E12) -> 0.0017890046 | BX12: =BV12+IF(BW12<$B12,1,-1)*설정!$B$10/2^36 -> 1.4547781 | BY12: =IF($D12<=0,0,($C12^2/8*(BX12-SIN(BX12)))*(($C12^2/8*(BX12-SIN(BX12)))/($C12*BX12/2))^(2/3)*$D12^0.5/$E12) -> 0.0017890046 | BZ12: =BX12+IF(BY12<$B12,1,-1)*설정!$B$10/2^37 -> 1.4547781 | CA12: =IF($D12<=0,0,($C12^2/8*(BZ12-SIN(BZ12)))*(($C12^2/8*(BZ12-SIN(BZ12)))/($C12*BZ12/2))^(2/3)*$D12^0.5/$E12) -> 0.0017890046 | CB12: =BZ12+IF(CA12<$B12,1,-1)*설정!$B$10/2^38 -> 1.4547781 | CC12: =IF($D12<=0,0,($C12^2/8*(CB12-SIN(CB12)))*(($C12^2/8*(CB12-SIN(CB12)))/($C12*CB12/2))^(2/3)*$D12^0.5/$E12) -> 0.0017890046 | CD12: =CB12+IF(CC12<$B12,1,-1)*설정!$B$10/2^39 -> 1.4547781 | CE12: =IF($D12<=0,0,($C12^2/8*(CD12-SIN(CD12)))*(($C12^2/8*(CD12-SIN(CD12)))/($C12*CD12/2))^(2/3)*$D12^0.5/$E12) -> 0.0017890046 | CF12: =CD12+IF(CE12<$B12,1,-1)*설정!$B$10/2^40 -> 1.4547781 | CG12: =IF($D12<=0,0,($C12^2/8*(CF12-SIN(CF12)))*(($C12^2/8*(CF12-SIN(CF12)))/($C12*CF12/2))^(2/3)*$D12^0.5/$E12) -> 0.0017890046 | CH12: =CF12+IF(CG12<$B12,1,-1)*설정!$B$10/2^41 -> 1.4547781
A13: =계산!A13 -> BC-09 | B13: =계산!E13 -> 0.0017890046 | C13: =입력!E13/1000 -> 0.2 | D13: =(입력!F13-입력!G13)/입력!D13 -> 0.025862069 | E13: =입력!J13 -> 0.011 | F13: =설정!$B$10/2 -> 2.6383016 | G13: =IF($D13<=0,0,($C13^2/8*(F13-SIN(F13)))*(($C13^2/8*(F13-SIN(F13)))/($C13*F13/2))^(2/3)*$D13^0.5/$E13) -> 0.018696088 | H13: =F13+IF(G13<$B13,1,-1)*설정!$B$10/2^2 -> 1.3191508 | I13: =IF($D13<=0,0,($C13^2/8*(H13-SIN(H13)))*(($C13^2/8*(H13-SIN(H13)))/($C13*H13/2))^(2/3)*$D13^0.5/$E13) -> 0.0014381664 | J13: =H13+IF(I13<$B13,1,-1)*설정!$B$10/2^3 -> 1.9787262 | K13: =IF($D13<=0,0,($C13^2/8*(J13-SIN(J13)))*(($C13^2/8*(J13-SIN(J13)))/($C13*J13/2))^(2/3)*$D13^0.5/$E13) -> 0.0069450521 | L13: =J13+IF(K13<$B13,1,-1)*설정!$B$10/2^4 -> 1.6489385 | M13: =IF($D13<=0,0,($C13^2/8*(L13-SIN(L13)))*(($C13^2/8*(L13-SIN(L13)))/($C13*L13/2))^(2/3)*$D13^0.5/$E13) -> 0.0034846107 | N13: =L13+IF(M13<$B13,1,-1)*설정!$B$10/2^5 -> 1.4840447 | O13: =IF($D13<=0,0,($C13^2/8*(N13-SIN(N13)))*(($C13^2/8*(N13-SIN(N13)))/($C13*N13/2))^(2/3)*$D13^0.5/$E13) -> 0.0023049865 | P13: =N13+IF(O13<$B13,1,-1)*설정!$B$10/2^6 -> 1.4015977 | Q13: =IF($D13<=0,0,($C13^2/8*(P13-SIN(P13)))*(($C13^2/8*(P13-SIN(P13)))/($C13*P13/2))^(2/3)*$D13^0.5/$E13) -> 0.001835479 | R13: =P13+IF(Q13<$B13,1,-1)*설정!$B$10/2^7 -> 1.3603743 | S13: =IF($D13<=0,0,($C13^2/8*(R13-SIN(R13)))*(($C13^2/8*(R13-SIN(R13)))/($C13*R13/2))^(2/3)*$D13^0.5/$E13) -> 0.0016281933 | T13: =R13+IF(S13<$B13,1,-1)*설정!$B$10/2^8 -> 1.380986 | U13: =IF($D13<=0,0,($C13^2/8*(T13-SIN(T13)))*(($C13^2/8*(T13-SIN(T13)))/($C13*T13/2))^(2/3)*$D13^0.5/$E13) -> 0.0017296287 | V13: =T13+IF(U13<$B13,1,-1)*설정!$B$10/2^9 -> 1.3912919 | W13: =IF($D13<=0,0,($C13^2/8*(V13-SIN(V13)))*(($C13^2/8*(V13-SIN(V13)))/($C13*V13/2))^(2/3)*$D13^0.5/$E13) -> 0.0017819958 | X13: =V13+IF(W13<$B13,1,-1)*설정!$B$10/2^10 -> 1.3964448 | Y13: =IF($D13<=0,0,($C13^2/8*(X13-SIN(X13)))*(($C13^2/8*(X13-SIN(X13)))/($C13*X13/2))^(2/3)*$D13^0.5/$E13) -> 0.0018085971 | Z13: =X13+IF(Y13<$B13,1,-1)*설정!$B$10/2^11 -> 1.3938683 | AA13: =IF($D13<=0,0,($C13^2/8*(Z13-SIN(Z13)))*(($C13^2/8*(Z13-SIN(Z13)))/($C13*Z13/2))^(2/3)*$D13^0.5/$E13) -> 0.0017952615 | AB13: =Z13+IF(AA13<$B13,1,-1)*설정!$B$10/2^12 -> 1.3925801 | AC13: =IF($D13<=0,0,($C13^2/8*(AB13-SIN(AB13)))*(($C13^2/8*(AB13-SIN(AB13)))/($C13*AB13/2))^(2/3)*$D13^0.5/$E13) -> 0.0017886199 | AD13: =AB13+IF(AC13<$B13,1,-1)*설정!$B$10/2^13 -> 1.3932242 | AE13: =IF($D13<=0,0,($C13^2/8*(AD13-SIN(AD13)))*(($C13^2/8*(AD13-SIN(AD13)))/($C13*AD13/2))^(2/3)*$D13^0.5/$E13) -> 0.0017919385 | AF13: =AD13+IF(AE13<$B13,1,-1)*설정!$B$10/2^14 -> 1.3929022 | AG13: =IF($D13<=0,0,($C13^2/8*(AF13-SIN(AF13)))*(($C13^2/8*(AF13-SIN(AF13)))/($C13*AF13/2))^(2/3)*$D13^0.5/$E13) -> 0.0017902786 | AH13: =AF13+IF(AG13<$B13,1,-1)*설정!$B$10/2^15 -> 1.3927411 | AI13: =IF($D13<=0,0,($C13^2/8*(AH13-SIN(AH13)))*(($C13^2/8*(AH13-SIN(AH13)))/($C13*AH13/2))^(2/3)*$D13^0.5/$E13) -> 0.0017894491 | AJ13: =AH13+IF(AI13<$B13,1,-1)*설정!$B$10/2^16 -> 1.3926606 | AK13: =IF($D13<=0,0,($C13^2/8*(AJ13-SIN(AJ13)))*(($C13^2/8*(AJ13-SIN(AJ13)))/($C13*AJ13/2))^(2/3)*$D13^0.5/$E13) -> 0.0017890345 | AL13: =AJ13+IF(AK13<$B13,1,-1)*설정!$B$10/2^17 -> 1.3926204 | AM13: =IF($D13<=0,0,($C13^2/8*(AL13-SIN(AL13)))*(($C13^2/8*(AL13-SIN(AL13)))/($C13*AL13/2))^(2/3)*$D13^0.5/$E13) -> 0.0017888272 | AN13: =AL13+IF(AM13<$B13,1,-1)*설정!$B$10/2^18 -> 1.3926405 | AO13: =IF($D13<=0,0,($C13^2/8*(AN13-SIN(AN13)))*(($C13^2/8*(AN13-SIN(AN13)))/($C13*AN13/2))^(2/3)*$D13^0.5/$E13) -> 0.0017889308 | AP13: =AN13+IF(AO13<$B13,1,-1)*설정!$B$10/2^19 -> 1.3926505 | AQ13: =IF($D13<=0,0,($C13^2/8*(AP13-SIN(AP13)))*(($C13^2/8*(AP13-SIN(AP13)))/($C13*AP13/2))^(2/3)*$D13^0.5/$E13) -> 0.0017889827 | AR13: =AP13+IF(AQ13<$B13,1,-1)*설정!$B$10/2^20 -> 1.3926556 | AS13: =IF($D13<=0,0,($C13^2/8*(AR13-SIN(AR13)))*(($C13^2/8*(AR13-SIN(AR13)))/($C13*AR13/2))^(2/3)*$D13^0.5/$E13) -> 0.0017890086 | AT13: =AR13+IF(AS13<$B13,1,-1)*설정!$B$10/2^21 -> 1.3926531 | AU13: =IF($D13<=0,0,($C13^2/8*(AT13-SIN(AT13)))*(($C13^2/8*(AT13-SIN(AT13)))/($C13*AT13/2))^(2/3)*$D13^0.5/$E13) -> 0.0017889956 | AV13: =AT13+IF(AU13<$B13,1,-1)*설정!$B$10/2^22 -> 1.3926543 | AW13: =IF($D13<=0,0,($C13^2/8*(AV13-SIN(AV13)))*(($C13^2/8*(AV13-SIN(AV13)))/($C13*AV13/2))^(2/3)*$D13^0.5/$E13) -> 0.0017890021 | AX13: =AV13+IF(AW13<$B13,1,-1)*설정!$B$10/2^23 -> 1.3926549 | AY13: =IF($D13<=0,0,($C13^2/8*(AX13-SIN(AX13)))*(($C13^2/8*(AX13-SIN(AX13)))/($C13*AX13/2))^(2/3)*$D13^0.5/$E13) -> 0.0017890053 | AZ13: =AX13+IF(AY13<$B13,1,-1)*설정!$B$10/2^24 -> 1.3926546 | BA13: =IF($D13<=0,0,($C13^2/8*(AZ13-SIN(AZ13)))*(($C13^2/8*(AZ13-SIN(AZ13)))/($C13*AZ13/2))^(2/3)*$D13^0.5/$E13) -> 0.0017890037 | BB13: =AZ13+IF(BA13<$B13,1,-1)*설정!$B$10/2^25 -> 1.3926548 | BC13: =IF($D13<=0,0,($C13^2/8*(BB13-SIN(BB13)))*(($C13^2/8*(BB13-SIN(BB13)))/($C13*BB13/2))^(2/3)*$D13^0.5/$E13) -> 0.0017890045 | BD13: =BB13+IF(BC13<$B13,1,-1)*설정!$B$10/2^26 -> 1.3926549 | BE13: =IF($D13<=0,0,($C13^2/8*(BD13-SIN(BD13)))*(($C13^2/8*(BD13-SIN(BD13)))/($C13*BD13/2))^(2/3)*$D13^0.5/$E13) -> 0.0017890049 | BF13: =BD13+IF(BE13<$B13,1,-1)*설정!$B$10/2^27 -> 1.3926548 | BG13: =IF($D13<=0,0,($C13^2/8*(BF13-SIN(BF13)))*(($C13^2/8*(BF13-SIN(BF13)))/($C13*BF13/2))^(2/3)*$D13^0.5/$E13) -> 0.0017890047 | BH13: =BF13+IF(BG13<$B13,1,-1)*설정!$B$10/2^28 -> 1.3926548 | BI13: =IF($D13<=0,0,($C13^2/8*(BH13-SIN(BH13)))*(($C13^2/8*(BH13-SIN(BH13)))/($C13*BH13/2))^(2/3)*$D13^0.5/$E13) -> 0.0017890046 | BJ13: =BH13+IF(BI13<$B13,1,-1)*설정!$B$10/2^29 -> 1.3926548 | BK13: =IF($D13<=0,0,($C13^2/8*(BJ13-SIN(BJ13)))*(($C13^2/8*(BJ13-SIN(BJ13)))/($C13*BJ13/2))^(2/3)*$D13^0.5/$E13) -> 0.0017890047 | BL13: =BJ13+IF(BK13<$B13,1,-1)*설정!$B$10/2^30 -> 1.3926548 | BM13: =IF($D13<=0,0,($C13^2/8*(BL13-SIN(BL13)))*(($C13^2/8*(BL13-SIN(BL13)))/($C13*BL13/2))^(2/3)*$D13^0.5/$E13) -> 0.0017890046 | BN13: =BL13+IF(BM13<$B13,1,-1)*설정!$B$10/2^31 -> 1.3926548 | BO13: =IF($D13<=0,0,($C13^2/8*(BN13-SIN(BN13)))*(($C13^2/8*(BN13-SIN(BN13)))/($C13*BN13/2))^(2/3)*$D13^0.5/$E13) -> 0.0017890046 | BP13: =BN13+IF(BO13<$B13,1,-1)*설정!$B$10/2^32 -> 1.3926548 | BQ13: =IF($D13<=0,0,($C13^2/8*(BP13-SIN(BP13)))*(($C13^2/8*(BP13-SIN(BP13)))/($C13*BP13/2))^(2/3)*$D13^0.5/$E13) -> 0.0017890046 | BR13: =BP13+IF(BQ13<$B13,1,-1)*설정!$B$10/2^33 -> 1.3926548 | BS13: =IF($D13<=0,0,($C13^2/8*(BR13-SIN(BR13)))*(($C13^2/8*(BR13-SIN(BR13)))/($C13*BR13/2))^(2/3)*$D13^0.5/$E13) -> 0.0017890046 | BT13: =BR13+IF(BS13<$B13,1,-1)*설정!$B$10/2^34 -> 1.3926548 | BU13: =IF($D13<=0,0,($C13^2/8*(BT13-SIN(BT13)))*(($C13^2/8*(BT13-SIN(BT13)))/($C13*BT13/2))^(2/3)*$D13^0.5/$E13) -> 0.0017890046 | BV13: =BT13+IF(BU13<$B13,1,-1)*설정!$B$10/2^35 -> 1.3926548 | BW13: =IF($D13<=0,0,($C13^2/8*(BV13-SIN(BV13)))*(($C13^2/8*(BV13-SIN(BV13)))/($C13*BV13/2))^(2/3)*$D13^0.5/$E13) -> 0.0017890046 | BX13: =BV13+IF(BW13<$B13,1,-1)*설정!$B$10/2^36 -> 1.3926548 | BY13: =IF($D13<=0,0,($C13^2/8*(BX13-SIN(BX13)))*(($C13^2/8*(BX13-SIN(BX13)))/($C13*BX13/2))^(2/3)*$D13^0.5/$E13) -> 0.0017890046 | BZ13: =BX13+IF(BY13<$B13,1,-1)*설정!$B$10/2^37 -> 1.3926548 | CA13: =IF($D13<=0,0,($C13^2/8*(BZ13-SIN(BZ13)))*(($C13^2/8*(BZ13-SIN(BZ13)))/($C13*BZ13/2))^(2/3)*$D13^0.5/$E13) -> 0.0017890046 | CB13: =BZ13+IF(CA13<$B13,1,-1)*설정!$B$10/2^38 -> 1.3926548 | CC13: =IF($D13<=0,0,($C13^2/8*(CB13-SIN(CB13)))*(($C13^2/8*(CB13-SIN(CB13)))/($C13*CB13/2))^(2/3)*$D13^0.5/$E13) -> 0.0017890046 | CD13: =CB13+IF(CC13<$B13,1,-1)*설정!$B$10/2^39 -> 1.3926548 | CE13: =IF($D13<=0,0,($C13^2/8*(CD13-SIN(CD13)))*(($C13^2/8*(CD13-SIN(CD13)))/($C13*CD13/2))^(2/3)*$D13^0.5/$E13) -> 0.0017890046 | CF13: =CD13+IF(CE13<$B13,1,-1)*설정!$B$10/2^40 -> 1.3926548 | CG13: =IF($D13<=0,0,($C13^2/8*(CF13-SIN(CF13)))*(($C13^2/8*(CF13-SIN(CF13)))/($C13*CF13/2))^(2/3)*$D13^0.5/$E13) -> 0.0017890046 | CH13: =CF13+IF(CG13<$B13,1,-1)*설정!$B$10/2^41 -> 1.3926548
A14: =계산!A14 -> BC-10 | B14: =계산!E14 -> 0.0017890046 | C14: =입력!E14/1000 -> 0.2 | D14: =(입력!F14-입력!G14)/입력!D14 -> 0.016333333 | E14: =입력!J14 -> 0.011 | F14: =설정!$B$10/2 -> 2.6383016 | G14: =IF($D14<=0,0,($C14^2/8*(F14-SIN(F14)))*(($C14^2/8*(F14-SIN(F14)))/($C14*F14/2))^(2/3)*$D14^0.5/$E14) -> 0.014857869 | H14: =F14+IF(G14<$B14,1,-1)*설정!$B$10/2^2 -> 1.3191508 | I14: =IF($D14<=0,0,($C14^2/8*(H14-SIN(H14)))*(($C14^2/8*(H14-SIN(H14)))/($C14*H14/2))^(2/3)*$D14^0.5/$E14) -> 0.0011429176 | J14: =H14+IF(I14<$B14,1,-1)*설정!$B$10/2^3 -> 1.9787262 | K14: =IF($D14<=0,0,($C14^2/8*(J14-SIN(J14)))*(($C14^2/8*(J14-SIN(J14)))/($C14*J14/2))^(2/3)*$D14^0.5/$E14) -> 0.0055192655 | L14: =J14+IF(K14<$B14,1,-1)*설정!$B$10/2^4 -> 1.6489385 | M14: =IF($D14<=0,0,($C14^2/8*(L14-SIN(L14)))*(($C14^2/8*(L14-SIN(L14)))/($C14*L14/2))^(2/3)*$D14^0.5/$E14) -> 0.0027692365 | N14: =L14+IF(M14<$B14,1,-1)*설정!$B$10/2^5 -> 1.4840447 | O14: =IF($D14<=0,0,($C14^2/8*(N14-SIN(N14)))*(($C14^2/8*(N14-SIN(N14)))/($C14*N14/2))^(2/3)*$D14^0.5/$E14) -> 0.0018317836 | P14: =N14+IF(O14<$B14,1,-1)*설정!$B$10/2^6 -> 1.4015977 | Q14: =IF($D14<=0,0,($C14^2/8*(P14-SIN(P14)))*(($C14^2/8*(P14-SIN(P14)))/($C14*P14/2))^(2/3)*$D14^0.5/$E14) -> 0.0014586638 | R14: =P14+IF(Q14<$B14,1,-1)*설정!$B$10/2^7 -> 1.4428212 | S14: =IF($D14<=0,0,($C14^2/8*(R14-SIN(R14)))*(($C14^2/8*(R14-SIN(R14)))/($C14*R14/2))^(2/3)*$D14^0.5/$E14) -> 0.0016377418 | T14: =R14+IF(S14<$B14,1,-1)*설정!$B$10/2^8 -> 1.4634329 | U14: =IF($D14<=0,0,($C14^2/8*(T14-SIN(T14)))*(($C14^2/8*(T14-SIN(T14)))/($C14*T14/2))^(2/3)*$D14^0.5/$E14) -> 0.0017328543 | V14: =T14+IF(U14<$B14,1,-1)*설정!$B$10/2^9 -> 1.4737388 | W14: =IF($D14<=0,0,($C14^2/8*(V14-SIN(V14)))*(($C14^2/8*(V14-SIN(V14)))/($C14*V14/2))^(2/3)*$D14^0.5/$E14) -> 0.0017818372 | X14: =V14+IF(W14<$B14,1,-1)*설정!$B$10/2^10 -> 1.4788917 | Y14: =IF($D14<=0,0,($C14^2/8*(X14-SIN(X14)))*(($C14^2/8*(X14-SIN(X14)))/($C14*X14/2))^(2/3)*$D14^0.5/$E14) -> 0.0018066894 | Z14: =X14+IF(Y14<$B14,1,-1)*설정!$B$10/2^11 -> 1.4763153 | AA14: =IF($D14<=0,0,($C14^2/8*(Z14-SIN(Z14)))*(($C14^2/8*(Z14-SIN(Z14)))/($C14*Z14/2))^(2/3)*$D14^0.5/$E14) -> 0.0017942331 | AB14: =Z14+IF(AA14<$B14,1,-1)*설정!$B$10/2^12 -> 1.475027 | AC14: =IF($D14<=0,0,($C14^2/8*(AB14-SIN(AB14)))*(($C14^2/8*(AB14-SIN(AB14)))/($C14*AB14/2))^(2/3)*$D14^0.5/$E14) -> 0.0017880276 | AD14: =AB14+IF(AC14<$B14,1,-1)*설정!$B$10/2^13 -> 1.4756711 | AE14: =IF($D14<=0,0,($C14^2/8*(AD14-SIN(AD14)))*(($C14^2/8*(AD14-SIN(AD14)))/($C14*AD14/2))^(2/3)*$D14^0.5/$E14) -> 0.0017911285 | AF14: =AD14+IF(AE14<$B14,1,-1)*설정!$B$10/2^14 -> 1.4753491 | AG14: =IF($D14<=0,0,($C14^2/8*(AF14-SIN(AF14)))*(($C14^2/8*(AF14-SIN(AF14)))/($C14*AF14/2))^(2/3)*$D14^0.5/$E14) -> 0.0017895776 | AH14: =AF14+IF(AG14<$B14,1,-1)*설정!$B$10/2^15 -> 1.4751881 | AI14: =IF($D14<=0,0,($C14^2/8*(AH14-SIN(AH14)))*(($C14^2/8*(AH14-SIN(AH14)))/($C14*AH14/2))^(2/3)*$D14^0.5/$E14) -> 0.0017888025 | AJ14: =AH14+IF(AI14<$B14,1,-1)*설정!$B$10/2^16 -> 1.4752686 | AK14: =IF($D14<=0,0,($C14^2/8*(AJ14-SIN(AJ14)))*(($C14^2/8*(AJ14-SIN(AJ14)))/($C14*AJ14/2))^(2/3)*$D14^0.5/$E14) -> 0.00178919 | AL14: =AJ14+IF(AK14<$B14,1,-1)*설정!$B$10/2^17 -> 1.4752283 | AM14: =IF($D14<=0,0,($C14^2/8*(AL14-SIN(AL14)))*(($C14^2/8*(AL14-SIN(AL14)))/($C14*AL14/2))^(2/3)*$D14^0.5/$E14) -> 0.0017889962 | AN14: =AL14+IF(AM14<$B14,1,-1)*설정!$B$10/2^18 -> 1.4752484 | AO14: =IF($D14<=0,0,($C14^2/8*(AN14-SIN(AN14)))*(($C14^2/8*(AN14-SIN(AN14)))/($C14*AN14/2))^(2/3)*$D14^0.5/$E14) -> 0.0017890931 | AP14: =AN14+IF(AO14<$B14,1,-1)*설정!$B$10/2^19 -> 1.4752384 | AQ14: =IF($D14<=0,0,($C14^2/8*(AP14-SIN(AP14)))*(($C14^2/8*(AP14-SIN(AP14)))/($C14*AP14/2))^(2/3)*$D14^0.5/$E14) -> 0.0017890447 | AR14: =AP14+IF(AQ14<$B14,1,-1)*설정!$B$10/2^20 -> 1.4752333 | AS14: =IF($D14<=0,0,($C14^2/8*(AR14-SIN(AR14)))*(($C14^2/8*(AR14-SIN(AR14)))/($C14*AR14/2))^(2/3)*$D14^0.5/$E14) -> 0.0017890205 | AT14: =AR14+IF(AS14<$B14,1,-1)*설정!$B$10/2^21 -> 1.4752308 | AU14: =IF($D14<=0,0,($C14^2/8*(AT14-SIN(AT14)))*(($C14^2/8*(AT14-SIN(AT14)))/($C14*AT14/2))^(2/3)*$D14^0.5/$E14) -> 0.0017890083 | AV14: =AT14+IF(AU14<$B14,1,-1)*설정!$B$10/2^22 -> 1.4752296 | AW14: =IF($D14<=0,0,($C14^2/8*(AV14-SIN(AV14)))*(($C14^2/8*(AV14-SIN(AV14)))/($C14*AV14/2))^(2/3)*$D14^0.5/$E14) -> 0.0017890023 | AX14: =AV14+IF(AW14<$B14,1,-1)*설정!$B$10/2^23 -> 1.4752302 | AY14: =IF($D14<=0,0,($C14^2/8*(AX14-SIN(AX14)))*(($C14^2/8*(AX14-SIN(AX14)))/($C14*AX14/2))^(2/3)*$D14^0.5/$E14) -> 0.0017890053 | AZ14: =AX14+IF(AY14<$B14,1,-1)*설정!$B$10/2^24 -> 1.4752299 | BA14: =IF($D14<=0,0,($C14^2/8*(AZ14-SIN(AZ14)))*(($C14^2/8*(AZ14-SIN(AZ14)))/($C14*AZ14/2))^(2/3)*$D14^0.5/$E14) -> 0.0017890038 | BB14: =AZ14+IF(BA14<$B14,1,-1)*설정!$B$10/2^25 -> 1.47523 | BC14: =IF($D14<=0,0,($C14^2/8*(BB14-SIN(BB14)))*(($C14^2/8*(BB14-SIN(BB14)))/($C14*BB14/2))^(2/3)*$D14^0.5/$E14) -> 0.0017890046 | BD14: =BB14+IF(BC14<$B14,1,-1)*설정!$B$10/2^26 -> 1.4752301 | BE14: =IF($D14<=0,0,($C14^2/8*(BD14-SIN(BD14)))*(($C14^2/8*(BD14-SIN(BD14)))/($C14*BD14/2))^(2/3)*$D14^0.5/$E14) -> 0.0017890049 | BF14: =BD14+IF(BE14<$B14,1,-1)*설정!$B$10/2^27 -> 1.4752301 | BG14: =IF($D14<=0,0,($C14^2/8*(BF14-SIN(BF14)))*(($C14^2/8*(BF14-SIN(BF14)))/($C14*BF14/2))^(2/3)*$D14^0.5/$E14) -> 0.0017890047 | BH14: =BF14+IF(BG14<$B14,1,-1)*설정!$B$10/2^28 -> 1.4752301 | BI14: =IF($D14<=0,0,($C14^2/8*(BH14-SIN(BH14)))*(($C14^2/8*(BH14-SIN(BH14)))/($C14*BH14/2))^(2/3)*$D14^0.5/$E14) -> 0.0017890047 | BJ14: =BH14+IF(BI14<$B14,1,-1)*설정!$B$10/2^29 -> 1.47523 | BK14: =IF($D14<=0,0,($C14^2/8*(BJ14-SIN(BJ14)))*(($C14^2/8*(BJ14-SIN(BJ14)))/($C14*BJ14/2))^(2/3)*$D14^0.5/$E14) -> 0.0017890046 | BL14: =BJ14+IF(BK14<$B14,1,-1)*설정!$B$10/2^30 -> 1.4752301 | BM14: =IF($D14<=0,0,($C14^2/8*(BL14-SIN(BL14)))*(($C14^2/8*(BL14-SIN(BL14)))/($C14*BL14/2))^(2/3)*$D14^0.5/$E14) -> 0.0017890046 | BN14: =BL14+IF(BM14<$B14,1,-1)*설정!$B$10/2^31 -> 1.47523 | BO14: =IF($D14<=0,0,($C14^2/8*(BN14-SIN(BN14)))*(($C14^2/8*(BN14-SIN(BN14)))/($C14*BN14/2))^(2/3)*$D14^0.5/$E14) -> 0.0017890046 | BP14: =BN14+IF(BO14<$B14,1,-1)*설정!$B$10/2^32 -> 1.4752301 | BQ14: =IF($D14<=0,0,($C14^2/8*(BP14-SIN(BP14)))*(($C14^2/8*(BP14-SIN(BP14)))/($C14*BP14/2))^(2/3)*$D14^0.5/$E14) -> 0.0017890046 | BR14: =BP14+IF(BQ14<$B14,1,-1)*설정!$B$10/2^33 -> 1.4752301 | BS14: =IF($D14<=0,0,($C14^2/8*(BR14-SIN(BR14)))*(($C14^2/8*(BR14-SIN(BR14)))/($C14*BR14/2))^(2/3)*$D14^0.5/$E14) -> 0.0017890046 | BT14: =BR14+IF(BS14<$B14,1,-1)*설정!$B$10/2^34 -> 1.4752301 | BU14: =IF($D14<=0,0,($C14^2/8*(BT14-SIN(BT14)))*(($C14^2/8*(BT14-SIN(BT14)))/($C14*BT14/2))^(2/3)*$D14^0.5/$E14) -> 0.0017890046 | BV14: =BT14+IF(BU14<$B14,1,-1)*설정!$B$10/2^35 -> 1.4752301 | BW14: =IF($D14<=0,0,($C14^2/8*(BV14-SIN(BV14)))*(($C14^2/8*(BV14-SIN(BV14)))/($C14*BV14/2))^(2/3)*$D14^0.5/$E14) -> 0.0017890046 | BX14: =BV14+IF(BW14<$B14,1,-1)*설정!$B$10/2^36 -> 1.4752301 | BY14: =IF($D14<=0,0,($C14^2/8*(BX14-SIN(BX14)))*(($C14^2/8*(BX14-SIN(BX14)))/($C14*BX14/2))^(2/3)*$D14^0.5/$E14) -> 0.0017890046 | BZ14: =BX14+IF(BY14<$B14,1,-1)*설정!$B$10/2^37 -> 1.4752301 | CA14: =IF($D14<=0,0,($C14^2/8*(BZ14-SIN(BZ14)))*(($C14^2/8*(BZ14-SIN(BZ14)))/($C14*BZ14/2))^(2/3)*$D14^0.5/$E14) -> 0.0017890046 | CB14: =BZ14+IF(CA14<$B14,1,-1)*설정!$B$10/2^38 -> 1.4752301 | CC14: =IF($D14<=0,0,($C14^2/8*(CB14-SIN(CB14)))*(($C14^2/8*(CB14-SIN(CB14)))/($C14*CB14/2))^(2/3)*$D14^0.5/$E14) -> 0.0017890046 | CD14: =CB14+IF(CC14<$B14,1,-1)*설정!$B$10/2^39 -> 1.4752301 | CE14: =IF($D14<=0,0,($C14^2/8*(CD14-SIN(CD14)))*(($C14^2/8*(CD14-SIN(CD14)))/($C14*CD14/2))^(2/3)*$D14^0.5/$E14) -> 0.0017890046 | CF14: =CD14+IF(CE14<$B14,1,-1)*설정!$B$10/2^40 -> 1.4752301 | CG14: =IF($D14<=0,0,($C14^2/8*(CF14-SIN(CF14)))*(($C14^2/8*(CF14-SIN(CF14)))/($C14*CF14/2))^(2/3)*$D14^0.5/$E14) -> 0.0017890046 | CH14: =CF14+IF(CG14<$B14,1,-1)*설정!$B$10/2^41 -> 1.4752301
A15: =계산!A15 -> BC-11 | B15: =계산!E15 -> 0.0017890046 | C15: =입력!E15/1000 -> 0.2 | D15: =(입력!F15-입력!G15)/입력!D15 -> 0.0115 | E15: =입력!J15 -> 0.011 | F15: =설정!$B$10/2 -> 2.6383016 | G15: =IF($D15<=0,0,($C15^2/8*(F15-SIN(F15)))*(($C15^2/8*(F15-SIN(F15)))/($C15*F15/2))^(2/3)*$D15^0.5/$E15) -> 0.012467174 | H15: =F15+IF(G15<$B15,1,-1)*설정!$B$10/2^2 -> 1.3191508 | I15: =IF($D15<=0,0,($C15^2/8*(H15-SIN(H15)))*(($C15^2/8*(H15-SIN(H15)))/($C15*H15/2))^(2/3)*$D15^0.5/$E15) -> 0.00095901724 | J15: =H15+IF(I15<$B15,1,-1)*설정!$B$10/2^3 -> 1.9787262 | K15: =IF($D15<=0,0,($C15^2/8*(J15-SIN(J15)))*(($C15^2/8*(J15-SIN(J15)))/($C15*J15/2))^(2/3)*$D15^0.5/$E15) -> 0.0046311921 | L15: =J15+IF(K15<$B15,1,-1)*설정!$B$10/2^4 -> 1.6489385 | M15: =IF($D15<=0,0,($C15^2/8*(L15-SIN(L15)))*(($C15^2/8*(L15-SIN(L15)))/($C15*L15/2))^(2/3)*$D15^0.5/$E15) -> 0.0023236545 | N15: =L15+IF(M15<$B15,1,-1)*설정!$B$10/2^5 -> 1.4840447 | O15: =IF($D15<=0,0,($C15^2/8*(N15-SIN(N15)))*(($C15^2/8*(N15-SIN(N15)))/($C15*N15/2))^(2/3)*$D15^0.5/$E15) -> 0.0015370418 | P15: =N15+IF(O15<$B15,1,-1)*설정!$B$10/2^6 -> 1.5664916 | Q15: =IF($D15<=0,0,($C15^2/8*(P15-SIN(P15)))*(($C15^2/8*(P15-SIN(P15)))/($C15*P15/2))^(2/3)*$D15^0.5/$E15) -> 0.0019023414 | R15: =P15+IF(Q15<$B15,1,-1)*설정!$B$10/2^7 -> 1.5252681 | S15: =IF($D15<=0,0,($C15^2/8*(R15-SIN(R15)))*(($C15^2/8*(R15-SIN(R15)))/($C15*R15/2))^(2/3)*$D15^0.5/$E15) -> 0.0017129198 | T15: =R15+IF(S15<$B15,1,-1)*설정!$B$10/2^8 -> 1.5458798 | U15: =IF($D15<=0,0,($C15^2/8*(T15-SIN(T15)))*(($C15^2/8*(T15-SIN(T15)))/($C15*T15/2))^(2/3)*$D15^0.5/$E15) -> 0.0018059081 | V15: =T15+IF(U15<$B15,1,-1)*설정!$B$10/2^9 -> 1.535574 | W15: =IF($D15<=0,0,($C15^2/8*(V15-SIN(V15)))*(($C15^2/8*(V15-SIN(V15)))/($C15*V15/2))^(2/3)*$D15^0.5/$E15) -> 0.001758987 | X15: =V15+IF(W15<$B15,1,-1)*설정!$B$10/2^10 -> 1.5407269 | Y15: =IF($D15<=0,0,($C15^2/8*(X15-SIN(X15)))*(($C15^2/8*(X15-SIN(X15)))/($C15*X15/2))^(2/3)*$D15^0.5/$E15) -> 0.0017823404 | Z15: =X15+IF(Y15<$B15,1,-1)*설정!$B$10/2^11 -> 1.5433034 | AA15: =IF($D15<=0,0,($C15^2/8*(Z15-SIN(Z15)))*(($C15^2/8*(Z15-SIN(Z15)))/($C15*Z15/2))^(2/3)*$D15^0.5/$E15) -> 0.0017940974 | AB15: =Z15+IF(AA15<$B15,1,-1)*설정!$B$10/2^12 -> 1.5420151 | AC15: =IF($D15<=0,0,($C15^2/8*(AB15-SIN(AB15)))*(($C15^2/8*(AB15-SIN(AB15)))/($C15*AB15/2))^(2/3)*$D15^0.5/$E15) -> 0.0017882122 | AD15: =AB15+IF(AC15<$B15,1,-1)*설정!$B$10/2^13 -> 1.5426593 | AE15: =IF($D15<=0,0,($C15^2/8*(AD15-SIN(AD15)))*(($C15^2/8*(AD15-SIN(AD15)))/($C15*AD15/2))^(2/3)*$D15^0.5/$E15) -> 0.0017911531 | AF15: =AD15+IF(AE15<$B15,1,-1)*설정!$B$10/2^14 -> 1.5423372 | AG15: =IF($D15<=0,0,($C15^2/8*(AF15-SIN(AF15)))*(($C15^2/8*(AF15-SIN(AF15)))/($C15*AF15/2))^(2/3)*$D15^0.5/$E15) -> 0.0017896822 | AH15: =AF15+IF(AG15<$B15,1,-1)*설정!$B$10/2^15 -> 1.5421762 | AI15: =IF($D15<=0,0,($C15^2/8*(AH15-SIN(AH15)))*(($C15^2/8*(AH15-SIN(AH15)))/($C15*AH15/2))^(2/3)*$D15^0.5/$E15) -> 0.0017889471 | AJ15: =AH15+IF(AI15<$B15,1,-1)*설정!$B$10/2^16 -> 1.5422567 | AK15: =IF($D15<=0,0,($C15^2/8*(AJ15-SIN(AJ15)))*(($C15^2/8*(AJ15-SIN(AJ15)))/($C15*AJ15/2))^(2/3)*$D15^0.5/$E15) -> 0.0017893146 | AL15: =AJ15+IF(AK15<$B15,1,-1)*설정!$B$10/2^17 -> 1.5422164 | AM15: =IF($D15<=0,0,($C15^2/8*(AL15-SIN(AL15)))*(($C15^2/8*(AL15-SIN(AL15)))/($C15*AL15/2))^(2/3)*$D15^0.5/$E15) -> 0.0017891309 | AN15: =AL15+IF(AM15<$B15,1,-1)*설정!$B$10/2^18 -> 1.5421963 | AO15: =IF($D15<=0,0,($C15^2/8*(AN15-SIN(AN15)))*(($C15^2/8*(AN15-SIN(AN15)))/($C15*AN15/2))^(2/3)*$D15^0.5/$E15) -> 0.001789039 | AP15: =AN15+IF(AO15<$B15,1,-1)*설정!$B$10/2^19 -> 1.5421862 | AQ15: =IF($D15<=0,0,($C15^2/8*(AP15-SIN(AP15)))*(($C15^2/8*(AP15-SIN(AP15)))/($C15*AP15/2))^(2/3)*$D15^0.5/$E15) -> 0.001788993 | AR15: =AP15+IF(AQ15<$B15,1,-1)*설정!$B$10/2^20 -> 1.5421913 | AS15: =IF($D15<=0,0,($C15^2/8*(AR15-SIN(AR15)))*(($C15^2/8*(AR15-SIN(AR15)))/($C15*AR15/2))^(2/3)*$D15^0.5/$E15) -> 0.001789016 | AT15: =AR15+IF(AS15<$B15,1,-1)*설정!$B$10/2^21 -> 1.5421888 | AU15: =IF($D15<=0,0,($C15^2/8*(AT15-SIN(AT15)))*(($C15^2/8*(AT15-SIN(AT15)))/($C15*AT15/2))^(2/3)*$D15^0.5/$E15) -> 0.0017890045 | AV15: =AT15+IF(AU15<$B15,1,-1)*설정!$B$10/2^22 -> 1.54219 | AW15: =IF($D15<=0,0,($C15^2/8*(AV15-SIN(AV15)))*(($C15^2/8*(AV15-SIN(AV15)))/($C15*AV15/2))^(2/3)*$D15^0.5/$E15) -> 0.0017890103 | AX15: =AV15+IF(AW15<$B15,1,-1)*설정!$B$10/2^23 -> 1.5421894 | AY15: =IF($D15<=0,0,($C15^2/8*(AX15-SIN(AX15)))*(($C15^2/8*(AX15-SIN(AX15)))/($C15*AX15/2))^(2/3)*$D15^0.5/$E15) -> 0.0017890074 | AZ15: =AX15+IF(AY15<$B15,1,-1)*설정!$B$10/2^24 -> 1.5421891 | BA15: =IF($D15<=0,0,($C15^2/8*(AZ15-SIN(AZ15)))*(($C15^2/8*(AZ15-SIN(AZ15)))/($C15*AZ15/2))^(2/3)*$D15^0.5/$E15) -> 0.0017890059 | BB15: =AZ15+IF(BA15<$B15,1,-1)*설정!$B$10/2^25 -> 1.5421889 | BC15: =IF($D15<=0,0,($C15^2/8*(BB15-SIN(BB15)))*(($C15^2/8*(BB15-SIN(BB15)))/($C15*BB15/2))^(2/3)*$D15^0.5/$E15) -> 0.0017890052 | BD15: =BB15+IF(BC15<$B15,1,-1)*설정!$B$10/2^26 -> 1.5421888 | BE15: =IF($D15<=0,0,($C15^2/8*(BD15-SIN(BD15)))*(($C15^2/8*(BD15-SIN(BD15)))/($C15*BD15/2))^(2/3)*$D15^0.5/$E15) -> 0.0017890049 | BF15: =BD15+IF(BE15<$B15,1,-1)*설정!$B$10/2^27 -> 1.5421888 | BG15: =IF($D15<=0,0,($C15^2/8*(BF15-SIN(BF15)))*(($C15^2/8*(BF15-SIN(BF15)))/($C15*BF15/2))^(2/3)*$D15^0.5/$E15) -> 0.0017890047 | BH15: =BF15+IF(BG15<$B15,1,-1)*설정!$B$10/2^28 -> 1.5421888 | BI15: =IF($D15<=0,0,($C15^2/8*(BH15-SIN(BH15)))*(($C15^2/8*(BH15-SIN(BH15)))/($C15*BH15/2))^(2/3)*$D15^0.5/$E15) -> 0.0017890046 | BJ15: =BH15+IF(BI15<$B15,1,-1)*설정!$B$10/2^29 -> 1.5421888 | BK15: =IF($D15<=0,0,($C15^2/8*(BJ15-SIN(BJ15)))*(($C15^2/8*(BJ15-SIN(BJ15)))/($C15*BJ15/2))^(2/3)*$D15^0.5/$E15) -> 0.0017890046 | BL15: =BJ15+IF(BK15<$B15,1,-1)*설정!$B$10/2^30 -> 1.5421888 | BM15: =IF($D15<=0,0,($C15^2/8*(BL15-SIN(BL15)))*(($C15^2/8*(BL15-SIN(BL15)))/($C15*BL15/2))^(2/3)*$D15^0.5/$E15) -> 0.0017890046 | BN15: =BL15+IF(BM15<$B15,1,-1)*설정!$B$10/2^31 -> 1.5421888 | BO15: =IF($D15<=0,0,($C15^2/8*(BN15-SIN(BN15)))*(($C15^2/8*(BN15-SIN(BN15)))/($C15*BN15/2))^(2/3)*$D15^0.5/$E15) -> 0.0017890046 | BP15: =BN15+IF(BO15<$B15,1,-1)*설정!$B$10/2^32 -> 1.5421888 | BQ15: =IF($D15<=0,0,($C15^2/8*(BP15-SIN(BP15)))*(($C15^2/8*(BP15-SIN(BP15)))/($C15*BP15/2))^(2/3)*$D15^0.5/$E15) -> 0.0017890046 | BR15: =BP15+IF(BQ15<$B15,1,-1)*설정!$B$10/2^33 -> 1.5421888 | BS15: =IF($D15<=0,0,($C15^2/8*(BR15-SIN(BR15)))*(($C15^2/8*(BR15-SIN(BR15)))/($C15*BR15/2))^(2/3)*$D15^0.5/$E15) -> 0.0017890046 | BT15: =BR15+IF(BS15<$B15,1,-1)*설정!$B$10/2^34 -> 1.5421888 | BU15: =IF($D15<=0,0,($C15^2/8*(BT15-SIN(BT15)))*(($C15^2/8*(BT15-SIN(BT15)))/($C15*BT15/2))^(2/3)*$D15^0.5/$E15) -> 0.0017890046 | BV15: =BT15+IF(BU15<$B15,1,-1)*설정!$B$10/2^35 -> 1.5421888 | BW15: =IF($D15<=0,0,($C15^2/8*(BV15-SIN(BV15)))*(($C15^2/8*(BV15-SIN(BV15)))/($C15*BV15/2))^(2/3)*$D15^0.5/$E15) -> 0.0017890046 | BX15: =BV15+IF(BW15<$B15,1,-1)*설정!$B$10/2^36 -> 1.5421888 | BY15: =IF($D15<=0,0,($C15^2/8*(BX15-SIN(BX15)))*(($C15^2/8*(BX15-SIN(BX15)))/($C15*BX15/2))^(2/3)*$D15^0.5/$E15) -> 0.0017890046 | BZ15: =BX15+IF(BY15<$B15,1,-1)*설정!$B$10/2^37 -> 1.5421888 | CA15: =IF($D15<=0,0,($C15^2/8*(BZ15-SIN(BZ15)))*(($C15^2/8*(BZ15-SIN(BZ15)))/($C15*BZ15/2))^(2/3)*$D15^0.5/$E15) -> 0.0017890046 | CB15: =BZ15+IF(CA15<$B15,1,-1)*설정!$B$10/2^38 -> 1.5421888 | CC15: =IF($D15<=0,0,($C15^2/8*(CB15-SIN(CB15)))*(($C15^2/8*(CB15-SIN(CB15)))/($C15*CB15/2))^(2/3)*$D15^0.5/$E15) -> 0.0017890046 | CD15: =CB15+IF(CC15<$B15,1,-1)*설정!$B$10/2^39 -> 1.5421888 | CE15: =IF($D15<=0,0,($C15^2/8*(CD15-SIN(CD15)))*(($C15^2/8*(CD15-SIN(CD15)))/($C15*CD15/2))^(2/3)*$D15^0.5/$E15) -> 0.0017890046 | CF15: =CD15+IF(CE15<$B15,1,-1)*설정!$B$10/2^40 -> 1.5421888 | CG15: =IF($D15<=0,0,($C15^2/8*(CF15-SIN(CF15)))*(($C15^2/8*(CF15-SIN(CF15)))/($C15*CF15/2))^(2/3)*$D15^0.5/$E15) -> 0.0017890046 | CH15: =CF15+IF(CG15<$B15,1,-1)*설정!$B$10/2^41 -> 1.5421888
A16: =계산!A16 -> BC-12 | B16: =계산!E16 -> 0.0017890046 | C16: =입력!E16/1000 -> 0.2 | D16: =(입력!F16-입력!G16)/입력!D16 -> 0.0135 | E16: =입력!J16 -> 0.011 | F16: =설정!$B$10/2 -> 2.6383016 | G16: =IF($D16<=0,0,($C16^2/8*(F16-SIN(F16)))*(($C16^2/8*(F16-SIN(F16)))/($C16*F16/2))^(2/3)*$D16^0.5/$E16) -> 0.013507842 | H16: =F16+IF(G16<$B16,1,-1)*설정!$B$10/2^2 -> 1.3191508 | I16: =IF($D16<=0,0,($C16^2/8*(H16-SIN(H16)))*(($C16^2/8*(H16-SIN(H16)))/($C16*H16/2))^(2/3)*$D16^0.5/$E16) -> 0.001039069 | J16: =H16+IF(I16<$B16,1,-1)*설정!$B$10/2^3 -> 1.9787262 | K16: =IF($D16<=0,0,($C16^2/8*(J16-SIN(J16)))*(($C16^2/8*(J16-SIN(J16)))/($C16*J16/2))^(2/3)*$D16^0.5/$E16) -> 0.0050177701 | L16: =J16+IF(K16<$B16,1,-1)*설정!$B$10/2^4 -> 1.6489385 | M16: =IF($D16<=0,0,($C16^2/8*(L16-SIN(L16)))*(($C16^2/8*(L16-SIN(L16)))/($C16*L16/2))^(2/3)*$D16^0.5/$E16) -> 0.0025176161 | N16: =L16+IF(M16<$B16,1,-1)*설정!$B$10/2^5 -> 1.4840447 | O16: =IF($D16<=0,0,($C16^2/8*(N16-SIN(N16)))*(($C16^2/8*(N16-SIN(N16)))/($C16*N16/2))^(2/3)*$D16^0.5/$E16) -> 0.0016653428 | P16: =N16+IF(O16<$B16,1,-1)*설정!$B$10/2^6 -> 1.5664916 | Q16: =IF($D16<=0,0,($C16^2/8*(P16-SIN(P16)))*(($C16^2/8*(P16-SIN(P16)))/($C16*P16/2))^(2/3)*$D16^0.5/$E16) -> 0.002061135 | R16: =P16+IF(Q16<$B16,1,-1)*설정!$B$10/2^7 -> 1.5252681 | S16: =IF($D16<=0,0,($C16^2/8*(R16-SIN(R16)))*(($C16^2/8*(R16-SIN(R16)))/($C16*R16/2))^(2/3)*$D16^0.5/$E16) -> 0.0018559019 | T16: =R16+IF(S16<$B16,1,-1)*설정!$B$10/2^8 -> 1.5046564 | U16: =IF($D16<=0,0,($C16^2/8*(T16-SIN(T16)))*(($C16^2/8*(T16-SIN(T16)))/($C16*T16/2))^(2/3)*$D16^0.5/$E16) -> 0.0017588204 | V16: =T16+IF(U16<$B16,1,-1)*설정!$B$10/2^9 -> 1.5149623 | W16: =IF($D16<=0,0,($C16^2/8*(V16-SIN(V16)))*(($C16^2/8*(V16-SIN(V16)))/($C16*V16/2))^(2/3)*$D16^0.5/$E16) -> 0.0018069066 | X16: =V16+IF(W16<$B16,1,-1)*설정!$B$10/2^10 -> 1.5098093 | Y16: =IF($D16<=0,0,($C16^2/8*(X16-SIN(X16)))*(($C16^2/8*(X16-SIN(X16)))/($C16*X16/2))^(2/3)*$D16^0.5/$E16) -> 0.0017827504 | Z16: =X16+IF(Y16<$B16,1,-1)*설정!$B$10/2^11 -> 1.5123858 | AA16: =IF($D16<=0,0,($C16^2/8*(Z16-SIN(Z16)))*(($C16^2/8*(Z16-SIN(Z16)))/($C16*Z16/2))^(2/3)*$D16^0.5/$E16) -> 0.0017948001 | AB16: =Z16+IF(AA16<$B16,1,-1)*설정!$B$10/2^12 -> 1.5110976 | AC16: =IF($D16<=0,0,($C16^2/8*(AB16-SIN(AB16)))*(($C16^2/8*(AB16-SIN(AB16)))/($C16*AB16/2))^(2/3)*$D16^0.5/$E16) -> 0.0017887682 | AD16: =AB16+IF(AC16<$B16,1,-1)*설정!$B$10/2^13 -> 1.5117417 | AE16: =IF($D16<=0,0,($C16^2/8*(AD16-SIN(AD16)))*(($C16^2/8*(AD16-SIN(AD16)))/($C16*AD16/2))^(2/3)*$D16^0.5/$E16) -> 0.0017917824 | AF16: =AD16+IF(AE16<$B16,1,-1)*설정!$B$10/2^14 -> 1.5114196 | AG16: =IF($D16<=0,0,($C16^2/8*(AF16-SIN(AF16)))*(($C16^2/8*(AF16-SIN(AF16)))/($C16*AF16/2))^(2/3)*$D16^0.5/$E16) -> 0.0017902748 | AH16: =AF16+IF(AG16<$B16,1,-1)*설정!$B$10/2^15 -> 1.5112586 | AI16: =IF($D16<=0,0,($C16^2/8*(AH16-SIN(AH16)))*(($C16^2/8*(AH16-SIN(AH16)))/($C16*AH16/2))^(2/3)*$D16^0.5/$E16) -> 0.0017895214 | AJ16: =AH16+IF(AI16<$B16,1,-1)*설정!$B$10/2^16 -> 1.5111781 | AK16: =IF($D16<=0,0,($C16^2/8*(AJ16-SIN(AJ16)))*(($C16^2/8*(AJ16-SIN(AJ16)))/($C16*AJ16/2))^(2/3)*$D16^0.5/$E16) -> 0.0017891448 | AL16: =AJ16+IF(AK16<$B16,1,-1)*설정!$B$10/2^17 -> 1.5111378 | AM16: =IF($D16<=0,0,($C16^2/8*(AL16-SIN(AL16)))*(($C16^2/8*(AL16-SIN(AL16)))/($C16*AL16/2))^(2/3)*$D16^0.5/$E16) -> 0.0017889565 | AN16: =AL16+IF(AM16<$B16,1,-1)*설정!$B$10/2^18 -> 1.5111579 | AO16: =IF($D16<=0,0,($C16^2/8*(AN16-SIN(AN16)))*(($C16^2/8*(AN16-SIN(AN16)))/($C16*AN16/2))^(2/3)*$D16^0.5/$E16) -> 0.0017890506 | AP16: =AN16+IF(AO16<$B16,1,-1)*설정!$B$10/2^19 -> 1.5111479 | AQ16: =IF($D16<=0,0,($C16^2/8*(AP16-SIN(AP16)))*(($C16^2/8*(AP16-SIN(AP16)))/($C16*AP16/2))^(2/3)*$D16^0.5/$E16) -> 0.0017890035 | AR16: =AP16+IF(AQ16<$B16,1,-1)*설정!$B$10/2^20 -> 1.5111529 | AS16: =IF($D16<=0,0,($C16^2/8*(AR16-SIN(AR16)))*(($C16^2/8*(AR16-SIN(AR16)))/($C16*AR16/2))^(2/3)*$D16^0.5/$E16) -> 0.0017890271 | AT16: =AR16+IF(AS16<$B16,1,-1)*설정!$B$10/2^21 -> 1.5111504 | AU16: =IF($D16<=0,0,($C16^2/8*(AT16-SIN(AT16)))*(($C16^2/8*(AT16-SIN(AT16)))/($C16*AT16/2))^(2/3)*$D16^0.5/$E16) -> 0.0017890153 | AV16: =AT16+IF(AU16<$B16,1,-1)*설정!$B$10/2^22 -> 1.5111491 | AW16: =IF($D16<=0,0,($C16^2/8*(AV16-SIN(AV16)))*(($C16^2/8*(AV16-SIN(AV16)))/($C16*AV16/2))^(2/3)*$D16^0.5/$E16) -> 0.0017890094 | AX16: =AV16+IF(AW16<$B16,1,-1)*설정!$B$10/2^23 -> 1.5111485 | AY16: =IF($D16<=0,0,($C16^2/8*(AX16-SIN(AX16)))*(($C16^2/8*(AX16-SIN(AX16)))/($C16*AX16/2))^(2/3)*$D16^0.5/$E16) -> 0.0017890065 | AZ16: =AX16+IF(AY16<$B16,1,-1)*설정!$B$10/2^24 -> 1.5111482 | BA16: =IF($D16<=0,0,($C16^2/8*(AZ16-SIN(AZ16)))*(($C16^2/8*(AZ16-SIN(AZ16)))/($C16*AZ16/2))^(2/3)*$D16^0.5/$E16) -> 0.001789005 | BB16: =AZ16+IF(BA16<$B16,1,-1)*설정!$B$10/2^25 -> 1.511148 | BC16: =IF($D16<=0,0,($C16^2/8*(BB16-SIN(BB16)))*(($C16^2/8*(BB16-SIN(BB16)))/($C16*BB16/2))^(2/3)*$D16^0.5/$E16) -> 0.0017890043 | BD16: =BB16+IF(BC16<$B16,1,-1)*설정!$B$10/2^26 -> 1.5111481 | BE16: =IF($D16<=0,0,($C16^2/8*(BD16-SIN(BD16)))*(($C16^2/8*(BD16-SIN(BD16)))/($C16*BD16/2))^(2/3)*$D16^0.5/$E16) -> 0.0017890046 | BF16: =BD16+IF(BE16<$B16,1,-1)*설정!$B$10/2^27 -> 1.5111481 | BG16: =IF($D16<=0,0,($C16^2/8*(BF16-SIN(BF16)))*(($C16^2/8*(BF16-SIN(BF16)))/($C16*BF16/2))^(2/3)*$D16^0.5/$E16) -> 0.0017890048 | BH16: =BF16+IF(BG16<$B16,1,-1)*설정!$B$10/2^28 -> 1.5111481 | BI16: =IF($D16<=0,0,($C16^2/8*(BH16-SIN(BH16)))*(($C16^2/8*(BH16-SIN(BH16)))/($C16*BH16/2))^(2/3)*$D16^0.5/$E16) -> 0.0017890047 | BJ16: =BH16+IF(BI16<$B16,1,-1)*설정!$B$10/2^29 -> 1.5111481 | BK16: =IF($D16<=0,0,($C16^2/8*(BJ16-SIN(BJ16)))*(($C16^2/8*(BJ16-SIN(BJ16)))/($C16*BJ16/2))^(2/3)*$D16^0.5/$E16) -> 0.0017890047 | BL16: =BJ16+IF(BK16<$B16,1,-1)*설정!$B$10/2^30 -> 1.5111481 | BM16: =IF($D16<=0,0,($C16^2/8*(BL16-SIN(BL16)))*(($C16^2/8*(BL16-SIN(BL16)))/($C16*BL16/2))^(2/3)*$D16^0.5/$E16) -> 0.0017890047 | BN16: =BL16+IF(BM16<$B16,1,-1)*설정!$B$10/2^31 -> 1.5111481 | BO16: =IF($D16<=0,0,($C16^2/8*(BN16-SIN(BN16)))*(($C16^2/8*(BN16-SIN(BN16)))/($C16*BN16/2))^(2/3)*$D16^0.5/$E16) -> 0.0017890046 | BP16: =BN16+IF(BO16<$B16,1,-1)*설정!$B$10/2^32 -> 1.5111481 | BQ16: =IF($D16<=0,0,($C16^2/8*(BP16-SIN(BP16)))*(($C16^2/8*(BP16-SIN(BP16)))/($C16*BP16/2))^(2/3)*$D16^0.5/$E16) -> 0.0017890046 | BR16: =BP16+IF(BQ16<$B16,1,-1)*설정!$B$10/2^33 -> 1.5111481 | BS16: =IF($D16<=0,0,($C16^2/8*(BR16-SIN(BR16)))*(($C16^2/8*(BR16-SIN(BR16)))/($C16*BR16/2))^(2/3)*$D16^0.5/$E16) -> 0.0017890046 | BT16: =BR16+IF(BS16<$B16,1,-1)*설정!$B$10/2^34 -> 1.5111481 | BU16: =IF($D16<=0,0,($C16^2/8*(BT16-SIN(BT16)))*(($C16^2/8*(BT16-SIN(BT16)))/($C16*BT16/2))^(2/3)*$D16^0.5/$E16) -> 0.0017890046 | BV16: =BT16+IF(BU16<$B16,1,-1)*설정!$B$10/2^35 -> 1.5111481 | BW16: =IF($D16<=0,0,($C16^2/8*(BV16-SIN(BV16)))*(($C16^2/8*(BV16-SIN(BV16)))/($C16*BV16/2))^(2/3)*$D16^0.5/$E16) -> 0.0017890046 | BX16: =BV16+IF(BW16<$B16,1,-1)*설정!$B$10/2^36 -> 1.5111481 | BY16: =IF($D16<=0,0,($C16^2/8*(BX16-SIN(BX16)))*(($C16^2/8*(BX16-SIN(BX16)))/($C16*BX16/2))^(2/3)*$D16^0.5/$E16) -> 0.0017890046 | BZ16: =BX16+IF(BY16<$B16,1,-1)*설정!$B$10/2^37 -> 1.5111481 | CA16: =IF($D16<=0,0,($C16^2/8*(BZ16-SIN(BZ16)))*(($C16^2/8*(BZ16-SIN(BZ16)))/($C16*BZ16/2))^(2/3)*$D16^0.5/$E16) -> 0.0017890046 | CB16: =BZ16+IF(CA16<$B16,1,-1)*설정!$B$10/2^38 -> 1.5111481 | CC16: =IF($D16<=0,0,($C16^2/8*(CB16-SIN(CB16)))*(($C16^2/8*(CB16-SIN(CB16)))/($C16*CB16/2))^(2/3)*$D16^0.5/$E16) -> 0.0017890046 | CD16: =CB16+IF(CC16<$B16,1,-1)*설정!$B$10/2^39 -> 1.5111481 | CE16: =IF($D16<=0,0,($C16^2/8*(CD16-SIN(CD16)))*(($C16^2/8*(CD16-SIN(CD16)))/($C16*CD16/2))^(2/3)*$D16^0.5/$E16) -> 0.0017890046 | CF16: =CD16+IF(CE16<$B16,1,-1)*설정!$B$10/2^40 -> 1.5111481 | CG16: =IF($D16<=0,0,($C16^2/8*(CF16-SIN(CF16)))*(($C16^2/8*(CF16-SIN(CF16)))/($C16*CF16/2))^(2/3)*$D16^0.5/$E16) -> 0.0017890046 | CH16: =CF16+IF(CG16<$B16,1,-1)*설정!$B$10/2^41 -> 1.5111481
... A34: =계산!A34 -> BC-30 | B34: =계산!E34 -> 0.0017890046 | C34: =입력!E34/1000 -> 0.2 | D34: =(입력!F34-입력!G34)/입력!D34 -> 0.0035714286 | E34: =입력!J34 -> 0.011 | F34: =설정!$B$10/2 -> 2.6383016 | G34: =IF($D34<=0,0,($C34^2/8*(F34-SIN(F34)))*(($C34^2/8*(F34-SIN(F34)))/($C34*F34/2))^(2/3)*$D34^0.5/$E34) -> 0.0069476844 | H34: =F34+IF(G34<$B34,1,-1)*설정!$B$10/2^2 -> 1.3191508 | I34: =IF($D34<=0,0,($C34^2/8*(H34-SIN(H34)))*(($C34^2/8*(H34-SIN(H34)))/($C34*H34/2))^(2/3)*$D34^0.5/$E34) -> 0.00053443941 | J34: =H34+IF(I34<$B34,1,-1)*설정!$B$10/2^3 -> 1.9787262 | K34: =IF($D34<=0,0,($C34^2/8*(J34-SIN(J34)))*(($C34^2/8*(J34-SIN(J34)))/($C34*J34/2))^(2/3)*$D34^0.5/$E34) -> 0.0025808625 | L34: =J34+IF(K34<$B34,1,-1)*설정!$B$10/2^4 -> 1.6489385 | M34: =IF($D34<=0,0,($C34^2/8*(L34-SIN(L34)))*(($C34^2/8*(L34-SIN(L34)))/($C34*L34/2))^(2/3)*$D34^0.5/$E34) -> 0.001294922 | N34: =L34+IF(M34<$B34,1,-1)*설정!$B$10/2^5 -> 1.8138324 | O34: =IF($D34<=0,0,($C34^2/8*(N34-SIN(N34)))*(($C34^2/8*(N34-SIN(N34)))/($C34*N34/2))^(2/3)*$D34^0.5/$E34) -> 0.0018655869 | P34: =N34+IF(O34<$B34,1,-1)*설정!$B$10/2^6 -> 1.7313854 | Q34: =IF($D34<=0,0,($C34^2/8*(P34-SIN(P34)))*(($C34^2/8*(P34-SIN(P34)))/($C34*P34/2))^(2/3)*$D34^0.5/$E34) -> 0.0015628453 | R34: =P34+IF(Q34<$B34,1,-1)*설정!$B$10/2^7 -> 1.7726089 | S34: =IF($D34<=0,0,($C34^2/8*(R34-SIN(R34)))*(($C34^2/8*(R34-SIN(R34)))/($C34*R34/2))^(2/3)*$D34^0.5/$E34) -> 0.0017097688 | T34: =R34+IF(S34<$B34,1,-1)*설정!$B$10/2^8 -> 1.7932206 | U34: =IF($D34<=0,0,($C34^2/8*(T34-SIN(T34)))*(($C34^2/8*(T34-SIN(T34)))/($C34*T34/2))^(2/3)*$D34^0.5/$E34) -> 0.0017865552 | V34: =T34+IF(U34<$B34,1,-1)*설정!$B$10/2^9 -> 1.8035265 | W34: =IF($D34<=0,0,($C34^2/8*(V34-SIN(V34)))*(($C34^2/8*(V34-SIN(V34)))/($C34*V34/2))^(2/3)*$D34^0.5/$E34) -> 0.0018257891 | X34: =V34+IF(W34<$B34,1,-1)*설정!$B$10/2^10 -> 1.7983736 | Y34: =IF($D34<=0,0,($C34^2/8*(X34-SIN(X34)))*(($C34^2/8*(X34-SIN(X34)))/($C34*X34/2))^(2/3)*$D34^0.5/$E34) -> 0.0018061018 | Z34: =X34+IF(Y34<$B34,1,-1)*설정!$B$10/2^11 -> 1.7957971 | AA34: =IF($D34<=0,0,($C34^2/8*(Z34-SIN(Z34)))*(($C34^2/8*(Z34-SIN(Z34)))/($C34*Z34/2))^(2/3)*$D34^0.5/$E34) -> 0.0017963109 | AB34: =Z34+IF(AA34<$B34,1,-1)*설정!$B$10/2^12 -> 1.7945089 | AC34: =IF($D34<=0,0,($C34^2/8*(AB34-SIN(AB34)))*(($C34^2/8*(AB34-SIN(AB34)))/($C34*AB34/2))^(2/3)*$D34^0.5/$E34) -> 0.0017914286 | AD34: =AB34+IF(AC34<$B34,1,-1)*설정!$B$10/2^13 -> 1.7938647 | AE34: =IF($D34<=0,0,($C34^2/8*(AD34-SIN(AD34)))*(($C34^2/8*(AD34-SIN(AD34)))/($C34*AD34/2))^(2/3)*$D34^0.5/$E34) -> 0.0017889908 | AF34: =AD34+IF(AE34<$B34,1,-1)*설정!$B$10/2^14 -> 1.7941868 | AG34: =IF($D34<=0,0,($C34^2/8*(AF34-SIN(AF34)))*(($C34^2/8*(AF34-SIN(AF34)))/($C34*AF34/2))^(2/3)*$D34^0.5/$E34) -> 0.0017902094 | AH34: =AF34+IF(AG34<$B34,1,-1)*설정!$B$10/2^15 -> 1.7940258 | AI34: =IF($D34<=0,0,($C34^2/8*(AH34-SIN(AH34)))*(($C34^2/8*(AH34-SIN(AH34)))/($C34*AH34/2))^(2/3)*$D34^0.5/$E34) -> 0.0017896001 | AJ34: =AH34+IF(AI34<$B34,1,-1)*설정!$B$10/2^16 -> 1.7939453 | AK34: =IF($D34<=0,0,($C34^2/8*(AJ34-SIN(AJ34)))*(($C34^2/8*(AJ34-SIN(AJ34)))/($C34*AJ34/2))^(2/3)*$D34^0.5/$E34) -> 0.0017892954 | AL34: =AJ34+IF(AK34<$B34,1,-1)*설정!$B$10/2^17 -> 1.793905 | AM34: =IF($D34<=0,0,($C34^2/8*(AL34-SIN(AL34)))*(($C34^2/8*(AL34-SIN(AL34)))/($C34*AL34/2))^(2/3)*$D34^0.5/$E34) -> 0.0017891431 | AN34: =AL34+IF(AM34<$B34,1,-1)*설정!$B$10/2^18 -> 1.7938849 | AO34: =IF($D34<=0,0,($C34^2/8*(AN34-SIN(AN34)))*(($C34^2/8*(AN34-SIN(AN34)))/($C34*AN34/2))^(2/3)*$D34^0.5/$E34) -> 0.0017890669 | AP34: =AN34+IF(AO34<$B34,1,-1)*설정!$B$10/2^19 -> 1.7938748 | AQ34: =IF($D34<=0,0,($C34^2/8*(AP34-SIN(AP34)))*(($C34^2/8*(AP34-SIN(AP34)))/($C34*AP34/2))^(2/3)*$D34^0.5/$E34) -> 0.0017890289 | AR34: =AP34+IF(AQ34<$B34,1,-1)*설정!$B$10/2^20 -> 1.7938698 | AS34: =IF($D34<=0,0,($C34^2/8*(AR34-SIN(AR34)))*(($C34^2/8*(AR34-SIN(AR34)))/($C34*AR34/2))^(2/3)*$D34^0.5/$E34) -> 0.0017890098 | AT34: =AR34+IF(AS34<$B34,1,-1)*설정!$B$10/2^21 -> 1.7938673 | AU34: =IF($D34<=0,0,($C34^2/8*(AT34-SIN(AT34)))*(($C34^2/8*(AT34-SIN(AT34)))/($C34*AT34/2))^(2/3)*$D34^0.5/$E34) -> 0.0017890003 | AV34: =AT34+IF(AU34<$B34,1,-1)*설정!$B$10/2^22 -> 1.7938685 | AW34: =IF($D34<=0,0,($C34^2/8*(AV34-SIN(AV34)))*(($C34^2/8*(AV34-SIN(AV34)))/($C34*AV34/2))^(2/3)*$D34^0.5/$E34) -> 0.0017890051 | AX34: =AV34+IF(AW34<$B34,1,-1)*설정!$B$10/2^23 -> 1.7938679 | AY34: =IF($D34<=0,0,($C34^2/8*(AX34-SIN(AX34)))*(($C34^2/8*(AX34-SIN(AX34)))/($C34*AX34/2))^(2/3)*$D34^0.5/$E34) -> 0.0017890027 | AZ34: =AX34+IF(AY34<$B34,1,-1)*설정!$B$10/2^24 -> 1.7938682 | BA34: =IF($D34<=0,0,($C34^2/8*(AZ34-SIN(AZ34)))*(($C34^2/8*(AZ34-SIN(AZ34)))/($C34*AZ34/2))^(2/3)*$D34^0.5/$E34) -> 0.0017890039 | BB34: =AZ34+IF(BA34<$B34,1,-1)*설정!$B$10/2^25 -> 1.7938684 | BC34: =IF($D34<=0,0,($C34^2/8*(BB34-SIN(BB34)))*(($C34^2/8*(BB34-SIN(BB34)))/($C34*BB34/2))^(2/3)*$D34^0.5/$E34) -> 0.0017890045 | BD34: =BB34+IF(BC34<$B34,1,-1)*설정!$B$10/2^26 -> 1.7938684 | BE34: =IF($D34<=0,0,($C34^2/8*(BD34-SIN(BD34)))*(($C34^2/8*(BD34-SIN(BD34)))/($C34*BD34/2))^(2/3)*$D34^0.5/$E34) -> 0.0017890048 | BF34: =BD34+IF(BE34<$B34,1,-1)*설정!$B$10/2^27 -> 1.7938684 | BG34: =IF($D34<=0,0,($C34^2/8*(BF34-SIN(BF34)))*(($C34^2/8*(BF34-SIN(BF34)))/($C34*BF34/2))^(2/3)*$D34^0.5/$E34) -> 0.0017890046 | BH34: =BF34+IF(BG34<$B34,1,-1)*설정!$B$10/2^28 -> 1.7938684 | BI34: =IF($D34<=0,0,($C34^2/8*(BH34-SIN(BH34)))*(($C34^2/8*(BH34-SIN(BH34)))/($C34*BH34/2))^(2/3)*$D34^0.5/$E34) -> 0.0017890046 | BJ34: =BH34+IF(BI34<$B34,1,-1)*설정!$B$10/2^29 -> 1.7938684 | BK34: =IF($D34<=0,0,($C34^2/8*(BJ34-SIN(BJ34)))*(($C34^2/8*(BJ34-SIN(BJ34)))/($C34*BJ34/2))^(2/3)*$D34^0.5/$E34) -> 0.0017890046 | BL34: =BJ34+IF(BK34<$B34,1,-1)*설정!$B$10/2^30 -> 1.7938684 | BM34: =IF($D34<=0,0,($C34^2/8*(BL34-SIN(BL34)))*(($C34^2/8*(BL34-SIN(BL34)))/($C34*BL34/2))^(2/3)*$D34^0.5/$E34) -> 0.0017890046 | BN34: =BL34+IF(BM34<$B34,1,-1)*설정!$B$10/2^31 -> 1.7938684 | BO34: =IF($D34<=0,0,($C34^2/8*(BN34-SIN(BN34)))*(($C34^2/8*(BN34-SIN(BN34)))/($C34*BN34/2))^(2/3)*$D34^0.5/$E34) -> 0.0017890046 | BP34: =BN34+IF(BO34<$B34,1,-1)*설정!$B$10/2^32 -> 1.7938684 | BQ34: =IF($D34<=0,0,($C34^2/8*(BP34-SIN(BP34)))*(($C34^2/8*(BP34-SIN(BP34)))/($C34*BP34/2))^(2/3)*$D34^0.5/$E34) -> 0.0017890046 | BR34: =BP34+IF(BQ34<$B34,1,-1)*설정!$B$10/2^33 -> 1.7938684 | BS34: =IF($D34<=0,0,($C34^2/8*(BR34-SIN(BR34)))*(($C34^2/8*(BR34-SIN(BR34)))/($C34*BR34/2))^(2/3)*$D34^0.5/$E34) -> 0.0017890046 | BT34: =BR34+IF(BS34<$B34,1,-1)*설정!$B$10/2^34 -> 1.7938684 | BU34: =IF($D34<=0,0,($C34^2/8*(BT34-SIN(BT34)))*(($C34^2/8*(BT34-SIN(BT34)))/($C34*BT34/2))^(2/3)*$D34^0.5/$E34) -> 0.0017890046 | BV34: =BT34+IF(BU34<$B34,1,-1)*설정!$B$10/2^35 -> 1.7938684 | BW34: =IF($D34<=0,0,($C34^2/8*(BV34-SIN(BV34)))*(($C34^2/8*(BV34-SIN(BV34)))/($C34*BV34/2))^(2/3)*$D34^0.5/$E34) -> 0.0017890046 | BX34: =BV34+IF(BW34<$B34,1,-1)*설정!$B$10/2^36 -> 1.7938684 | BY34: =IF($D34<=0,0,($C34^2/8*(BX34-SIN(BX34)))*(($C34^2/8*(BX34-SIN(BX34)))/($C34*BX34/2))^(2/3)*$D34^0.5/$E34) -> 0.0017890046 | BZ34: =BX34+IF(BY34<$B34,1,-1)*설정!$B$10/2^37 -> 1.7938684 | CA34: =IF($D34<=0,0,($C34^2/8*(BZ34-SIN(BZ34)))*(($C34^2/8*(BZ34-SIN(BZ34)))/($C34*BZ34/2))^(2/3)*$D34^0.5/$E34) -> 0.0017890046 | CB34: =BZ34+IF(CA34<$B34,1,-1)*설정!$B$10/2^38 -> 1.7938684 | CC34: =IF($D34<=0,0,($C34^2/8*(CB34-SIN(CB34)))*(($C34^2/8*(CB34-SIN(CB34)))/($C34*CB34/2))^(2/3)*$D34^0.5/$E34) -> 0.0017890046 | CD34: =CB34+IF(CC34<$B34,1,-1)*설정!$B$10/2^39 -> 1.7938684 | CE34: =IF($D34<=0,0,($C34^2/8*(CD34-SIN(CD34)))*(($C34^2/8*(CD34-SIN(CD34)))/($C34*CD34/2))^(2/3)*$D34^0.5/$E34) -> 0.0017890046 | CF34: =CD34+IF(CE34<$B34,1,-1)*설정!$B$10/2^40 -> 1.7938684 | CG34: =IF($D34<=0,0,($C34^2/8*(CF34-SIN(CF34)))*(($C34^2/8*(CF34-SIN(CF34)))/($C34*CF34/2))^(2/3)*$D34^0.5/$E34) -> 0.0017890046 | CH34: =CF34+IF(CG34<$B34,1,-1)*설정!$B$10/2^41 -> 1.7938684

Sheet 계산
A1: 수리계산 (함수)
A2: 모든 칸이 함수입니다. 입력·설정 시트의 값을 바꾸면 자동으로 다시 계산됩니다.
A4: 관로 | B4: 자체 인구 [인] | C4: 누가 인구 [인] | D4: 자체 오수량 [m³/s] | E4: 누가 유량 Q [m³/s] | F4: 경사 S [‰] | G4: 만관 단면적 [m²] | H4: 만관유량 Qfull [m³/s] | I4: 만관유속 Vfull [m/s] | J4: 최대유량 Qmax [m³/s] | K4: 중심각 θ [rad] | L4: 수심 h [m] | M4: 실유속 V [m/s] | N4: 수심비 h/D [%] | O4: 유량비 Q/Qfull [%] | P4: 여유율 | Q4: 허용유량 [m³/s] | R4: 사용률 Q(1+여유율)/허용 | S4: 여유율 판정 | T4: 판정용 유속 [m/s] | U4: 유속 라벨 (경사 전) | V4: 유속 판정 | W4: 토피 상류 [m] | X4: 토피 판정
A5: =입력!A5 -> BC-01 | B5: =입력!K5*입력!L5 -> 0 | C5: =B5 -> 0 | D5: =(입력!M5*입력!O5+입력!N5)*B5/설정!$B$11+입력!P5 -> 0.0017890046 | E5: =D5 -> 0.0017890046 | F5: =(입력!F5-입력!G5)/입력!D5*1000 -> 13 | G5: =PI()*(입력!E5/1000)^2/4 -> 0.031415927 | H5: =IF(F5<=0,0,G5*((입력!E5/1000)/4)^(2/3)*(F5/1000)^0.5/입력!J5) -> 0.044195244 | I5: =IF(G5>0,H5/G5,0) -> 1.4067783 | J5: =IF(F5<=0,0,((입력!E5/1000)^2/8*(설정!$B$10-SIN(설정!$B$10)))*(((입력!E5/1000)^2/8*(설정!$B$10-SIN(설정!$B$10)))/((입력!E5/1000)*설정!$B$10/2))^(2/3)*(F5/1000)^0.5/입력!J5) -> 0.047541083 | K5: =수심반복!CH5 -> 1.5183864 | L5: =IF(E5<=0,0,IF(E5>J5,입력!E5/1000,(입력!E5/1000)/2*(1-COS(K5/2)))) -> 0.027460839 | M5: =IF(E5<=0,0,IF(E5>J5,E5/G5,E5/((입력!E5/1000)^2/8*(K5-SIN(K5))))) -> 0.68839715 | N5: =L5/(입력!E5/1000)*100 -> 13.73042 | O5: =IF(H5>0,E5/H5*100,0) -> 4.0479574 | P5: =IF(입력!E5<=설정!$A$15,설정!$B$15,IF(입력!E5<=설정!$A$16,설정!$B$16,설정!$B$17)) -> 1 | Q5: =H5 -> 0.044195244 | R5: =IF(Q5>0,E5*(1+P5)/Q5,0) -> 0.080959148 | S5: =IF(AND(F5>0,R5<=1),"GOOD",IF(F5<=0,"Adverse Slope","NG_"&ROUND(R5*100,0)&"%")) -> GOOD | T5: =IF(E5>0,M5,I5) -> 0.68839715 | U5: =IF(T5<설정!$B$6,"NG(V)"&TEXT(설정!$B$6,"0.0")&"↓",IF(T5<설정!$B$4,"유지관리",IF(T5>설정!$B$5,"NG(V)"&TEXT(설정!$B$5,"0.0")&"↑","GOOD"))) -> GOOD | V5: =IF(AND(LEFT(U5,2)="NG",F5>=설정!$B$8),"구배10.0%이상",U5) -> GOOD | W5: =입력!H5-입력!F5-입력!E5/1000 -> 1.15 | X5: =IF(W5<설정!$B$7-0.0005,"NG","GOOD") -> GOOD
A6: =입력!A6 -> BC-02 | B6: =입력!K6*입력!L6 -> 0 | C6: =B6+IF(입력!C5=입력!B6,C5,0) -> 0 | D6: =(입력!M6*입력!O6+입력!N6)*B6/설정!$B$11+입력!P6 -> 0 | E6: =D6+IF(입력!C5=입력!B6,E5,0) -> 0.0017890046 | F6: =(입력!F6-입력!G6)/입력!D6*1000 -> 11.4 | G6: =PI()*(입력!E6/1000)^2/4 -> 0.031415927 | H6: =IF(F6<=0,0,G6*((입력!E6/1000)/4)^(2/3)*(F6/1000)^0.5/입력!J6) -> 0.04138627 | I6: =IF(G6>0,H6/G6,0) -> 1.3173659 | J6: =IF(F6<=0,0,((입력!E6/1000)^2/8*(설정!$B$10-SIN(설정!$B$10)))*(((입력!E6/1000)^2/8*(설정!$B$10-SIN(설정!$B$10)))/((입력!E6/1000)*설정!$B$10/2))^(2/3)*(F6/1000)^0.5/입력!J6) -> 0.044519453 | K6: =수심반복!CH6 -> 1.5439014 | L6: =IF(E6<=0,0,IF(E6>J6,입력!E6/1000,(입력!E6/1000)/2*(1-COS(K6/2)))) -> 0.028344865 | M6: =IF(E6<=0,0,IF(E6>J6,E6/G6,E6/((입력!E6/1000)^2/8*(K6-SIN(K6))))) -> 0.6574044 | N6: =L6/(입력!E6/1000)*100 -> 14.172432 | O6: =IF(H6>0,E6/H6*100,0) -> 4.3227009 | P6: =IF(입력!E6<=설정!$A$15,설정!$B$15,IF(입력!E6<=설정!$A$16,설정!$B$16,설정!$B$17)) -> 1 | Q6: =H6 -> 0.04138627 | R6: =IF(Q6>0,E6*(1+P6)/Q6,0) -> 0.086454017 | S6: =IF(AND(F6>0,R6<=1),"GOOD",IF(F6<=0,"Adverse Slope","NG_"&ROUND(R6*100,0)&"%")) -> GOOD | T6: =IF(E6>0,M6,I6) -> 0.6574044 | U6: =IF(T6<설정!$B$6,"NG(V)"&TEXT(설정!$B$6,"0.0")&"↓",IF(T6<설정!$B$4,"유지관리",IF(T6>설정!$B$5,"NG(V)"&TEXT(설정!$B$5,"0.0")&"↑","GOOD"))) -> GOOD | V6: =IF(AND(LEFT(U6,2)="NG",F6>=설정!$B$8),"구배10.0%이상",U6) -> GOOD | W6: =입력!H6-입력!F6-입력!E6/1000 -> 1.2 | X6: =IF(W6<설정!$B$7-0.0005,"NG","GOOD") -> GOOD
A7: =입력!A7 -> BC-03 | B7: =입력!K7*입력!L7 -> 0 | C7: =B7+IF(입력!C6=입력!B7,C6,0) -> 0 | D7: =(입력!M7*입력!O7+입력!N7)*B7/설정!$B$11+입력!P7 -> 0 | E7: =D7+IF(입력!C6=입력!B7,E6,0) -> 0.0017890046 | F7: =(입력!F7-입력!G7)/입력!D7*1000 -> 19.2 | G7: =PI()*(입력!E7/1000)^2/4 -> 0.031415927 | H7: =IF(F7<=0,0,G7*((입력!E7/1000)/4)^(2/3)*(F7/1000)^0.5/입력!J7) -> 0.053709916 | I7: =IF(G7>0,H7/G7,0) -> 1.7096397 | J7: =IF(F7<=0,0,((입력!E7/1000)^2/8*(설정!$B$10-SIN(설정!$B$10)))*(((입력!E7/1000)^2/8*(설정!$B$10-SIN(설정!$B$10)))/((입력!E7/1000)*설정!$B$10/2))^(2/3)*(F7/1000)^0.5/입력!J7) -> 0.057776072 | K7: =수심반복!CH7 -> 1.4455362 | L7: =IF(E7<=0,0,IF(E7>J7,입력!E7/1000,(입력!E7/1000)/2*(1-COS(K7/2)))) -> 0.025002238 | M7: =IF(E7<=0,0,IF(E7>J7,E7/G7,E7/((입력!E7/1000)^2/8*(K7-SIN(K7))))) -> 0.78920124 | N7: =L7/(입력!E7/1000)*100 -> 12.501119 | O7: =IF(H7>0,E7/H7*100,0) -> 3.3308647 | P7: =IF(입력!E7<=설정!$A$15,설정!$B$15,IF(입력!E7<=설정!$A$16,설정!$B$16,설정!$B$17)) -> 1 | Q7: =H7 -> 0.053709916 | R7: =IF(Q7>0,E7*(1+P7)/Q7,0) -> 0.066617294 | S7: =IF(AND(F7>0,R7<=1),"GOOD",IF(F7<=0,"Adverse Slope","NG_"&ROUND(R7*100,0)&"%")) -> GOOD | T7: =IF(E7>0,M7,I7) -> 0.78920124 | U7: =IF(T7<설정!$B$6,"NG(V)"&TEXT(설정!$B$6,"0.0")&"↓",IF(T7<설정!$B$4,"유지관리",IF(T7>설정!$B$5,"NG(V)"&TEXT(설정!$B$5,"0.0")&"↑","GOOD"))) -> GOOD | V7: =IF(AND(LEFT(U7,2)="NG",F7>=설정!$B$8),"구배10.0%이상",U7) -> GOOD | W7: =입력!H7-입력!F7-입력!E7/1000 -> 1 | X7: =IF(W7<설정!$B$7-0.0005,"NG","GOOD") -> GOOD
A8: =입력!A8 -> BC-04 | B8: =입력!K8*입력!L8 -> 0 | C8: =B8+IF(입력!C7=입력!B8,C7,0) -> 0 | D8: =(입력!M8*입력!O8+입력!N8)*B8/설정!$B$11+입력!P8 -> 0 | E8: =D8+IF(입력!C7=입력!B8,E7,0) -> 0.0017890046 | F8: =(입력!F8-입력!G8)/입력!D8*1000 -> 24.2 | G8: =PI()*(입력!E8/1000)^2/4 -> 0.031415927 | H8: =IF(F8<=0,0,G8*((입력!E8/1000)/4)^(2/3)*(F8/1000)^0.5/입력!J8) -> 0.060299199 | I8: =IF(G8>0,H8/G8,0) -> 1.9193831 | J8: =IF(F8<=0,0,((입력!E8/1000)^2/8*(설정!$B$10-SIN(설정!$B$10)))*(((입력!E8/1000)^2/8*(설정!$B$10-SIN(설정!$B$10)))/((입력!E8/1000)*설정!$B$10/2))^(2/3)*(F8/1000)^0.5/입력!J8) -> 0.064864202 | K8: =수심반복!CH8 -> 1.4042489 | L8: =IF(E8<=0,0,IF(E8>J8,입력!E8/1000,(입력!E8/1000)/2*(1-COS(K8/2)))) -> 0.023652814 | M8: =IF(E8<=0,0,IF(E8>J8,E8/G8,E8/((입력!E8/1000)^2/8*(K8-SIN(K8))))) -> 0.85580722 | N8: =L8/(입력!E8/1000)*100 -> 11.826407 | O8: =IF(H8>0,E8/H8*100,0) -> 2.9668796 | P8: =IF(입력!E8<=설정!$A$15,설정!$B$15,IF(입력!E8<=설정!$A$16,설정!$B$16,설정!$B$17)) -> 1 | Q8: =H8 -> 0.060299199 | R8: =IF(Q8>0,E8*(1+P8)/Q8,0) -> 0.059337592 | S8: =IF(AND(F8>0,R8<=1),"GOOD",IF(F8<=0,"Adverse Slope","NG_"&ROUND(R8*100,0)&"%")) -> GOOD | T8: =IF(E8>0,M8,I8) -> 0.85580722 | U8: =IF(T8<설정!$B$6,"NG(V)"&TEXT(설정!$B$6,"0.0")&"↓",IF(T8<설정!$B$4,"유지관리",IF(T8>설정!$B$5,"NG(V)"&TEXT(설정!$B$5,"0.0")&"↑","GOOD"))) -> GOOD | V8: =IF(AND(LEFT(U8,2)="NG",F8>=설정!$B$8),"구배10.0%이상",U8) -> GOOD | W8: =입력!H8-입력!F8-입력!E8/1000 -> 1 | X8: =IF(W8<설정!$B$7-0.0005,"NG","GOOD") -> GOOD
A9: =입력!A9 -> BC-05 | B9: =입력!K9*입력!L9 -> 0 | C9: =B9+IF(입력!C8=입력!B9,C8,0) -> 0 | D9: =(입력!M9*입력!O9+입력!N9)*B9/설정!$B$11+입력!P9 -> 0 | E9: =D9+IF(입력!C8=입력!B9,E8,0) -> 0.0017890046 | F9: =(입력!F9-입력!G9)/입력!D9*1000 -> 25.4 | G9: =PI()*(입력!E9/1000)^2/4 -> 0.031415927 | H9: =IF(F9<=0,0,G9*((입력!E9/1000)/4)^(2/3)*(F9/1000)^0.5/입력!J9) -> 0.061776132 | I9: =IF(G9>0,H9/G9,0) -> 1.9663954 | J9: =IF(F9<=0,0,((입력!E9/1000)^2/8*(설정!$B$10-SIN(설정!$B$10)))*(((입력!E9/1000)^2/8*(설정!$B$10-SIN(설정!$B$10)))/((입력!E9/1000)*설정!$B$10/2))^(2/3)*(F9/1000)^0.5/입력!J9) -> 0.066452948 | K9: =수심반복!CH9 -> 1.3957905 | L9: =IF(E9<=0,0,IF(E9>J9,입력!E9/1000,(입력!E9/1000)/2*(1-COS(K9/2)))) -> 0.023380359 | M9: =IF(E9<=0,0,IF(E9>J9,E9/G9,E9/((입력!E9/1000)^2/8*(K9-SIN(K9))))) -> 0.87042428 | N9: =L9/(입력!E9/1000)*100 -> 11.690179 | O9: =IF(H9>0,E9/H9*100,0) -> 2.8959479 | P9: =IF(입력!E9<=설정!$A$15,설정!$B$15,IF(입력!E9<=설정!$A$16,설정!$B$16,설정!$B$17)) -> 1 | Q9: =H9 -> 0.061776132 | R9: =IF(Q9>0,E9*(1+P9)/Q9,0) -> 0.057918959 | S9: =IF(AND(F9>0,R9<=1),"GOOD",IF(F9<=0,"Adverse Slope","NG_"&ROUND(R9*100,0)&"%")) -> GOOD | T9: =IF(E9>0,M9,I9) -> 0.87042428 | U9: =IF(T9<설정!$B$6,"NG(V)"&TEXT(설정!$B$6,"0.0")&"↓",IF(T9<설정!$B$4,"유지관리",IF(T9>설정!$B$5,"NG(V)"&TEXT(설정!$B$5,"0.0")&"↑","GOOD"))) -> GOOD | V9: =IF(AND(LEFT(U9,2)="NG",F9>=설정!$B$8),"구배10.0%이상",U9) -> GOOD | W9: =입력!H9-입력!F9-입력!E9/1000 -> 1 | X9: =IF(W9<설정!$B$7-0.0005,"NG","GOOD") -> GOOD
A10: =입력!A10 -> BC-06 | B10: =입력!K10*입력!L10 -> 0 | C10: =B10+IF(입력!C9=입력!B10,C9,0) -> 0 | D10: =(입력!M10*입력!O10+입력!N10)*B10/설정!$B$11+입력!P10 -> 0 | E10: =D10+IF(입력!C9=입력!B10,E9,0) -> 0.0017890046 | F10: =(입력!F10-입력!G10)/입력!D10*1000 -> 10.6 | G10: =PI()*(입력!E10/1000)^2/4 -> 0.031415927 | H10: =IF(F10<=0,0,G10*((입력!E10/1000)/4)^(2/3)*(F10/1000)^0.5/입력!J10) -> 0.039907708 | I10: =IF(G10>0,H10/G10,0) -> 1.2703018 | J10: =IF(F10<=0,0,((입력!E10/1000)^2/8*(설정!$B$10-SIN(설정!$B$10)))*(((입력!E10/1000)^2/8*(설정!$B$10-SIN(설정!$B$10)))/((입력!E10/1000)*설정!$B$10/2))^(2/3)*(F10/1000)^0.5/입력!J10) -> 0.042928956 | K10: =수심반복!CH10 -> 1.5582586 | L10: =IF(E10<=0,0,IF(E10>J10,입력!E10/1000,(입력!E10/1000)/2*(1-COS(K10/2)))) -> 0.028847437 | M10: =IF(E10<=0,0,IF(E10>J10,E10/G10,E10/((입력!E10/1000)^2/8*(K10-SIN(K10))))) -> 0.64083308 | N10: =L10/(입력!E10/1000)*100 -> 14.423719 | O10: =IF(H10>0,E10/H10*100,0) -> 4.4828548 | P10: =IF(입력!E10<=설정!$A$15,설정!$B$15,IF(입력!E10<=설정!$A$16,설정!$B$16,설정!$B$17)) -> 1 | Q10: =H10 -> 0.039907708 | R10: =IF(Q10>0,E10*(1+P10)/Q10,0) -> 0.089657097 | S10: =IF(AND(F10>0,R10<=1),"GOOD",IF(F10<=0,"Adverse Slope","NG_"&ROUND(R10*100,0)&"%")) -> GOOD | T10: =IF(E10>0,M10,I10) -> 0.64083308 | U10: =IF(T10<설정!$B$6,"NG(V)"&TEXT(설정!$B$6,"0.0")&"↓",IF(T10<설정!$B$4,"유지관리",IF(T10>설정!$B$5,"NG(V)"&TEXT(설정!$B$5,"0.0")&"↑","GOOD"))) -> GOOD | V10: =IF(AND(LEFT(U10,2)="NG",F10>=설정!$B$8),"구배10.0%이상",U10) -> GOOD | W10: =입력!H10-입력!F10-입력!E10/1000 -> 1 | X10: =IF(W10<설정!$B$7-0.0005,"NG","GOOD") -> GOOD
A11: =입력!A11 -> BC-07 | B11: =입력!K11*입력!L11 -> 0 | C11: =B11+IF(입력!C10=입력!B11,C10,0) -> 0 | D11: =(입력!M11*입력!O11+입력!N11)*B11/설정!$B$11+입력!P11 -> 0 | E11: =D11+IF(입력!C10=입력!B11,E10,0) -> 0.0017890046 | F11: =(입력!F11-입력!G11)/입력!D11*1000 -> 11.8 | G11: =PI()*(입력!E11/1000)^2/4 -> 0.031415927 | H11: =IF(F11<=0,0,G11*((입력!E11/1000)/4)^(2/3)*(F11/1000)^0.5/입력!J11) -> 0.042106085 | I11: =IF(G11>0,H11/G11,0) -> 1.3402783 | J11: =IF(F11<=0,0,((입력!E11/1000)^2/8*(설정!$B$10-SIN(설정!$B$10)))*(((입력!E11/1000)^2/8*(설정!$B$10-SIN(설정!$B$10)))/((입력!E11/1000)*설정!$B$10/2))^(2/3)*(F11/1000)^0.5/입력!J11) -> 0.045293762 | K11: =수심반복!CH11 -> 1.5371522 | L11: =IF(E11<=0,0,IF(E11>J11,입력!E11/1000,(입력!E11/1000)/2*(1-COS(K11/2)))) -> 0.028109881 | M11: =IF(E11<=0,0,IF(E11>J11,E11/G11,E11/((입력!E11/1000)^2/8*(K11-SIN(K11))))) -> 0.66540619 | N11: =L11/(입력!E11/1000)*100 -> 14.054941 | O11: =IF(H11>0,E11/H11*100,0) -> 4.2488031 | P11: =IF(입력!E11<=설정!$A$15,설정!$B$15,IF(입력!E11<=설정!$A$16,설정!$B$16,설정!$B$17)) -> 1 | Q11: =H11 -> 0.042106085 | R11: =IF(Q11>0,E11*(1+P11)/Q11,0) -> 0.084976062 | S11: =IF(AND(F11>0,R11<=1),"GOOD",IF(F11<=0,"Adverse Slope","NG_"&ROUND(R11*100,0)&"%")) -> GOOD | T11: =IF(E11>0,M11,I11) -> 0.66540619 | U11: =IF(T11<설정!$B$6,"NG(V)"&TEXT(설정!$B$6,"0.0")&"↓",IF(T11<설정!$B$4,"유지관리",IF(T11>설정!$B$5,"NG(V)"&TEXT(설정!$B$5,"0.0")&"↑","GOOD"))) -> GOOD | V11: =IF(AND(LEFT(U11,2)="NG",F11>=설정!$B$8),"구배10.0%이상",U11) -> GOOD | W11: =입력!H11-입력!F11-입력!E11/1000 -> 1 | X11: =IF(W11<설정!$B$7-0.0005,"NG","GOOD") -> GOOD
A12: =입력!A12 -> BC-08 | B12: =입력!K12*입력!L12 -> 0 | C12: =B12+IF(입력!C11=입력!B12,C11,0) -> 0 | D12: =(입력!M12*입력!O12+입력!N12)*B12/설정!$B$11+입력!P12 -> 0 | E12: =D12+IF(입력!C11=입력!B12,E11,0) -> 0.0017890046 | F12: =(입력!F12-입력!G12)/입력!D12*1000 -> 18.25 | G12: =PI()*(입력!E12/1000)^2/4 -> 0.031415927 | H12: =IF(F12<=0,0,G12*((입력!E12/1000)/4)^(2/3)*(F12/1000)^0.5/입력!J12) -> 0.052364299 | I12: =IF(G12>0,H12/G12,0) -> 1.6668074 | J12: =IF(F12<=0,0,((입력!E12/1000)^2/8*(설정!$B$10-SIN(설정!$B$10)))*(((입력!E12/1000)^2/8*(설정!$B$10-SIN(설정!$B$10)))/((입력!E12/1000)*설정!$B$10/2))^(2/3)*(F12/1000)^0.5/입력!J12) -> 0.056328583 | K12: =수심반복!CH12 -> 1.4547781 | L12: =IF(E12<=0,0,IF(E12>J12,입력!E12/1000,(입력!E12/1000)/2*(1-COS(K12/2)))) -> 0.025308697 | M12: =IF(E12<=0,0,IF(E12>J12,E12/G12,E12/((입력!E12/1000)^2/8*(K12-SIN(K12))))) -> 0.77529884 | N12: =L12/(입력!E12/1000)*100 -> 12.654349 | O12: =IF(H12>0,E12/H12*100,0) -> 3.4164587 | P12: =IF(입력!E12<=설정!$A$15,설정!$B$15,IF(입력!E12<=설정!$A$16,설정!$B$16,설정!$B$17)) -> 1 | Q12: =H12 -> 0.052364299 | R12: =IF(Q12>0,E12*(1+P12)/Q12,0) -> 0.068329174 | S12: =IF(AND(F12>0,R12<=1),"GOOD",IF(F12<=0,"Adverse Slope","NG_"&ROUND(R12*100,0)&"%")) -> GOOD | T12: =IF(E12>0,M12,I12) -> 0.77529884 | U12: =IF(T12<설정!$B$6,"NG(V)"&TEXT(설정!$B$6,"0.0")&"↓",IF(T12<설정!$B$4,"유지관리",IF(T12>설정!$B$5,"NG(V)"&TEXT(설정!$B$5,"0.0")&"↑","GOOD"))) -> GOOD | V12: =IF(AND(LEFT(U12,2)="NG",F12>=설정!$B$8),"구배10.0%이상",U12) -> GOOD | W12: =입력!H12-입력!F12-입력!E12/1000 -> 1 | X12: =IF(W12<설정!$B$7-0.0005,"NG","GOOD") -> GOOD
A13: =입력!A13 -> BC-09 | B13: =입력!K13*입력!L13 -> 0 | C13: =B13+IF(입력!C12=입력!B13,C12,0) -> 0 | D13: =(입력!M13*입력!O13+입력!N13)*B13/설정!$B$11+입력!P13 -> 0 | E13: =D13+IF(입력!C12=입력!B13,E12,0) -> 0.0017890046 | F13: =(입력!F13-입력!G13)/입력!D13*1000 -> 25.862069 | G13: =PI()*(입력!E13/1000)^2/4 -> 0.031415927 | H13: =IF(F13<=0,0,G13*((입력!E13/1000)/4)^(2/3)*(F13/1000)^0.5/입력!J13) -> 0.062335506 | I13: =IF(G13>0,H13/G13,0) -> 1.9842008 | J13: =IF(F13<=0,0,((입력!E13/1000)^2/8*(설정!$B$10-SIN(설정!$B$10)))*(((입력!E13/1000)^2/8*(설정!$B$10-SIN(설정!$B$10)))/((입력!E13/1000)*설정!$B$10/2))^(2/3)*(F13/1000)^0.5/입력!J13) -> 0.06705467 | K13: =수심반복!CH13 -> 1.3926548 | L13: =IF(E13<=0,0,IF(E13>J13,입력!E13/1000,(입력!E13/1000)/2*(1-COS(K13/2)))) -> 0.023279703 | M13: =IF(E13<=0,0,IF(E13>J13,E13/G13,E13/((입력!E13/1000)^2/8*(K13-SIN(K13))))) -> 0.87593234 | N13: =L13/(입력!E13/1000)*100 -> 11.639851 | O13: =IF(H13>0,E13/H13*100,0) -> 2.8699609 | P13: =IF(입력!E13<=설정!$A$15,설정!$B$15,IF(입력!E13<=설정!$A$16,설정!$B$16,설정!$B$17)) -> 1 | Q13: =H13 -> 0.062335506 | R13: =IF(Q13>0,E13*(1+P13)/Q13,0) -> 0.057399217 | S13: =IF(AND(F13>0,R13<=1),"GOOD",IF(F13<=0,"Adverse Slope","NG_"&ROUND(R13*100,0)&"%")) -> GOOD | T13: =IF(E13>0,M13,I13) -> 0.87593234 | U13: =IF(T13<설정!$B$6,"NG(V)"&TEXT(설정!$B$6,"0.0")&"↓",IF(T13<설정!$B$4,"유지관리",IF(T13>설정!$B$5,"NG(V)"&TEXT(설정!$B$5,"0.0")&"↑","GOOD"))) -> GOOD | V13: =IF(AND(LEFT(U13,2)="NG",F13>=설정!$B$8),"구배10.0%이상",U13) -> GOOD | W13: =입력!H13-입력!F13-입력!E13/1000 -> 1 | X13: =IF(W13<설정!$B$7-0.0005,"NG","GOOD") -> GOOD
A14: =입력!A14 -> BC-10 | B14: =입력!K14*입력!L14 -> 0 | C14: =B14+IF(입력!C13=입력!B14,C13,0) -> 0 | D14: =(입력!M14*입력!O14+입력!N14)*B14/설정!$B$11+입력!P14 -> 0 | E14: =D14+IF(입력!C13=입력!B14,E13,0) -> 0.0017890046 | F14: =(입력!F14-입력!G14)/입력!D14*1000 -> 16.333333 | G14: =PI()*(입력!E14/1000)^2/4 -> 0.031415927 | H14: =IF(F14<=0,0,G14*((입력!E14/1000)/4)^(2/3)*(F14/1000)^0.5/입력!J14) -> 0.049538319 | I14: =IF(G14>0,H14/G14,0) -> 1.5768537 | J14: =IF(F14<=0,0,((입력!E14/1000)^2/8*(설정!$B$10-SIN(설정!$B$10)))*(((입력!E14/1000)^2/8*(설정!$B$10-SIN(설정!$B$10)))/((입력!E14/1000)*설정!$B$10/2))^(2/3)*(F14/1000)^0.5/입력!J14) -> 0.053288661 | K14: =수심반복!CH14 -> 1.4752301 | L14: =IF(E14<=0,0,IF(E14>J14,입력!E14/1000,(입력!E14/1000)/2*(1-COS(K14/2)))) -> 0.025992538 | M14: =IF(E14<=0,0,IF(E14>J14,E14/G14,E14/((입력!E14/1000)^2/8*(K14-SIN(K14))))) -> 0.74574014 | N14: =L14/(입력!E14/1000)*100 -> 12.996269 | O14: =IF(H14>0,E14/H14*100,0) -> 3.6113551 | P14: =IF(입력!E14<=설정!$A$15,설정!$B$15,IF(입력!E14<=설정!$A$16,설정!$B$16,설정!$B$17)) -> 1 | Q14: =H14 -> 0.049538319 | R14: =IF(Q14>0,E14*(1+P14)/Q14,0) -> 0.072227102 | S14: =IF(AND(F14>0,R14<=1),"GOOD",IF(F14<=0,"Adverse Slope","NG_"&ROUND(R14*100,0)&"%")) -> GOOD | T14: =IF(E14>0,M14,I14) -> 0.74574014 | U14: =IF(T14<설정!$B$6,"NG(V)"&TEXT(설정!$B$6,"0.0")&"↓",IF(T14<설정!$B$4,"유지관리",IF(T14>설정!$B$5,"NG(V)"&TEXT(설정!$B$5,"0.0")&"↑","GOOD"))) -> GOOD | V14: =IF(AND(LEFT(U14,2)="NG",F14>=설정!$B$8),"구배10.0%이상",U14) -> GOOD | W14: =입력!H14-입력!F14-입력!E14/1000 -> 0.9 | X14: =IF(W14<설정!$B$7-0.0005,"NG","GOOD") -> NG
A15: =입력!A15 -> BC-11 | B15: =입력!K15*입력!L15 -> 0 | C15: =B15+IF(입력!C14=입력!B15,C14,0) -> 0 | D15: =(입력!M15*입력!O15+입력!N15)*B15/설정!$B$11+입력!P15 -> 0 | E15: =D15+IF(입력!C14=입력!B15,E14,0) -> 0.0017890046 | F15: =(입력!F15-입력!G15)/입력!D15*1000 -> 11.5 | G15: =PI()*(입력!E15/1000)^2/4 -> 0.031415927 | H15: =IF(F15<=0,0,G15*((입력!E15/1000)/4)^(2/3)*(F15/1000)^0.5/입력!J15) -> 0.041567392 | I15: =IF(G15>0,H15/G15,0) -> 1.3231312 | J15: =IF(F15<=0,0,((입력!E15/1000)^2/8*(설정!$B$10-SIN(설정!$B$10)))*(((입력!E15/1000)^2/8*(설정!$B$10-SIN(설정!$B$10)))/((입력!E15/1000)*설정!$B$10/2))^(2/3)*(F15/1000)^0.5/입력!J15) -> 0.044714287 | K15: =수심반복!CH15 -> 1.5421888 | L15: =IF(E15<=0,0,IF(E15>J15,입력!E15/1000,(입력!E15/1000)/2*(1-COS(K15/2)))) -> 0.02828516 | M15: =IF(E15<=0,0,IF(E15>J15,E15/G15,E15/((입력!E15/1000)^2/8*(K15-SIN(K15))))) -> 0.65942182 | N15: =L15/(입력!E15/1000)*100 -> 14.14258 | O15: =IF(H15>0,E15/H15*100,0) -> 4.3038655 | P15: =IF(입력!E15<=설정!$A$15,설정!$B$15,IF(입력!E15<=설정!$A$16,설정!$B$16,설정!$B$17)) -> 1 | Q15: =H15 -> 0.041567392 | R15: =IF(Q15>0,E15*(1+P15)/Q15,0) -> 0.086077309 | S15: =IF(AND(F15>0,R15<=1),"GOOD",IF(F15<=0,"Adverse Slope","NG_"&ROUND(R15*100,0)&"%")) -> GOOD | T15: =IF(E15>0,M15,I15) -> 0.65942182 | U15: =IF(T15<설정!$B$6,"NG(V)"&TEXT(설정!$B$6,"0.0")&"↓",IF(T15<설정!$B$4,"유지관리",IF(T15>설정!$B$5,"NG(V)"&TEXT(설정!$B$5,"0.0")&"↑","GOOD"))) -> GOOD | V15: =IF(AND(LEFT(U15,2)="NG",F15>=설정!$B$8),"구배10.0%이상",U15) -> GOOD | W15: =입력!H15-입력!F15-입력!E15/1000 -> 1 | X15: =IF(W15<설정!$B$7-0.0005,"NG","GOOD") -> GOOD
A16: =입력!A16 -> BC-12 | B16: =입력!K16*입력!L16 -> 0 | C16: =B16+IF(입력!C15=입력!B16,C15,0) -> 0 | D16: =(입력!M16*입력!O16+입력!N16)*B16/설정!$B$11+입력!P16 -> 0 | E16: =D16+IF(입력!C15=입력!B16,E15,0) -> 0.0017890046 | F16: =(입력!F16-입력!G16)/입력!D16*1000 -> 13.5 | G16: =PI()*(입력!E16/1000)^2/4 -> 0.031415927 | H16: =IF(F16<=0,0,G16*((입력!E16/1000)/4)^(2/3)*(F16/1000)^0.5/입력!J16) -> 0.045037134 | I16: =IF(G16>0,H16/G16,0) -> 1.4335765 | J16: =IF(F16<=0,0,((입력!E16/1000)^2/8*(설정!$B$10-SIN(설정!$B$10)))*(((입력!E16/1000)^2/8*(설정!$B$10-SIN(설정!$B$10)))/((입력!E16/1000)*설정!$B$10/2))^(2/3)*(F16/1000)^0.5/입력!J16) -> 0.048446709 | K16: =수심반복!CH16 -> 1.5111481 | L16: =IF(E16<=0,0,IF(E16>J16,입력!E16/1000,(입력!E16/1000)/2*(1-COS(K16/2)))) -> 0.027212197 | M16: =IF(E16<=0,0,IF(E16>J16,E16/G16,E16/((입력!E16/1000)^2/8*(K16-SIN(K16))))) -> 0.69756759 | N16: =L16/(입력!E16/1000)*100 -> 13.606098 | O16: =IF(H16>0,E16/H16*100,0) -> 3.972288 | P16: =IF(입력!E16<=설정!$A$15,설정!$B$15,IF(입력!E16<=설정!$A$16,설정!$B$16,설정!$B$17)) -> 1 | Q16: =H16 -> 0.045037134 | R16: =IF(Q16>0,E16*(1+P16)/Q16,0) -> 0.079445759 | S16: =IF(AND(F16>0,R16<=1),"GOOD",IF(F16<=0,"Adverse Slope","NG_"&ROUND(R16*100,0)&"%")) -> GOOD | T16: =IF(E16>0,M16,I16) -> 0.69756759 | U16: =IF(T16<설정!$B$6,"NG(V)"&TEXT(설정!$B$6,"0.0")&"↓",IF(T16<설정!$B$4,"유지관리",IF(T16>설정!$B$5,"NG(V)"&TEXT(설정!$B$5,"0.0")&"↑","GOOD"))) -> GOOD | V16: =IF(AND(LEFT(U16,2)="NG",F16>=설정!$B$8),"구배10.0%이상",U16) -> GOOD | W16: =입력!H16-입력!F16-입력!E16/1000 -> 1 | X16: =IF(W16<설정!$B$7-0.0005,"NG","GOOD") -> GOOD
A17: =입력!A17 -> BC-13 | B17: =입력!K17*입력!L17 -> 0 | C17: =B17+IF(입력!C16=입력!B17,C16,0) -> 0 | D17: =(입력!M17*입력!O17+입력!N17)*B17/설정!$B$11+입력!P17 -> 0 | E17: =D17+IF(입력!C16=입력!B17,E16,0) -> 0.0017890046 | F17: =(입력!F17-입력!G17)/입력!D17*1000 -> 18.333333 | G17: =PI()*(입력!E17/1000)^2/4 -> 0.031415927 | H17: =IF(F17<=0,0,G17*((입력!E17/1000)/4)^(2/3)*(F17/1000)^0.5/입력!J17) -> 0.052483716 | I17: =IF(G17>0,H17/G17,0) -> 1.6706086 | J17: =IF(F17<=0,0,((입력!E17/1000)^2/8*(설정!$B$10-SIN(설정!$B$10)))*(((입력!E17/1000)^2/8*(설정!$B$10-SIN(설정!$B$10)))/((입력!E17/1000)*설정!$B$10/2))^(2/3)*(F17/1000)^0.5/입력!J17) -> 0.056457041 | K17: =수심반복!CH17 -> 1.4539455 | L17: =IF(E17<=0,0,IF(E17>J17,입력!E17/1000,(입력!E17/1000)/2*(1-COS(K17/2)))) -> 0.025281024 | M17: =IF(E17<=0,0,IF(E17>J17,E17/G17,E17/((입력!E17/1000)^2/8*(K17-SIN(K17))))) -> 0.776537 | N17: =L17/(입력!E17/1000)*100 -> 12.640512 | O17: =IF(H17>0,E17/H17*100,0) -> 3.4086852 | P17: =IF(입력!E17<=설정!$A$15,설정!$B$15,IF(입력!E17<=설정!$A$16,설정!$B$16,설정!$B$17)) -> 1 | Q17: =H17 -> 0.052483716 | R17: =IF(Q17>0,E17*(1+P17)/Q17,0) -> 0.068173703 | S17: =IF(AND(F17>0,R17<=1),"GOOD",IF(F17<=0,"Adverse Slope","NG_"&ROUND(R17*100,0)&"%")) -> GOOD | T17: =IF(E17>0,M17,I17) -> 0.776537 | U17: =IF(T17<설정!$B$6,"NG(V)"&TEXT(설정!$B$6,"0.0")&"↓",IF(T17<설정!$B$4,"유지관리",IF(T17>설정!$B$5,"NG(V)"&TEXT(설정!$B$5,"0.0")&"↑","GOOD"))) -> GOOD | V17: =IF(AND(LEFT(U17,2)="NG",F17>=설정!$B$8),"구배10.0%이상",U17) -> GOOD | W17: =입력!H17-입력!F17-입력!E17/1000 -> 1 | X17: =IF(W17<설정!$B$7-0.0005,"NG","GOOD") -> GOOD
... A34: =입력!A34 -> BC-30 | B34: =입력!K34*입력!L34 -> 0 | C34: =B34+IF(입력!C33=입력!B34,C33,0) -> 0 | D34: =(입력!M34*입력!O34+입력!N34)*B34/설정!$B$11+입력!P34 -> 0 | E34: =D34+IF(입력!C33=입력!B34,E33,0) -> 0.0017890046 | F34: =(입력!F34-입력!G34)/입력!D34*1000 -> 3.5714286 | G34: =PI()*(입력!E34/1000)^2/4 -> 0.031415927 | H34: =IF(F34<=0,0,G34*((입력!E34/1000)/4)^(2/3)*(F34/1000)^0.5/입력!J34) -> 0.023164602 | I34: =IF(G34>0,H34/G34,0) -> 0.73735218 | J34: =IF(F34<=0,0,((입력!E34/1000)^2/8*(설정!$B$10-SIN(설정!$B$10)))*(((입력!E34/1000)^2/8*(설정!$B$10-SIN(설정!$B$10)))/((입력!E34/1000)*설정!$B$10/2))^(2/3)*(F34/1000)^0.5/입력!J34) -> 0.024918298 | K34: =수심반복!CH34 -> 1.7938684 | L34: =IF(E34<=0,0,IF(E34>J34,입력!E34/1000,(입력!E34/1000)/2*(1-COS(K34/2)))) -> 0.037599143 | M34: =IF(E34<=0,0,IF(E34>J34,E34/G34,E34/((입력!E34/1000)^2/8*(K34-SIN(K34))))) -> 0.4370643 | N34: =L34/(입력!E34/1000)*100 -> 18.799572 | O34: =IF(H34>0,E34/H34*100,0) -> 7.7230105 | P34: =IF(입력!E34<=설정!$A$15,설정!$B$15,IF(입력!E34<=설정!$A$16,설정!$B$16,설정!$B$17)) -> 1 | Q34: =H34 -> 0.023164602 | R34: =IF(Q34>0,E34*(1+P34)/Q34,0) -> 0.15446021 | S34: =IF(AND(F34>0,R34<=1),"GOOD",IF(F34<=0,"Adverse Slope","NG_"&ROUND(R34*100,0)&"%")) -> GOOD | T34: =IF(E34>0,M34,I34) -> 0.4370643 | U34: =IF(T34<설정!$B$6,"NG(V)"&TEXT(설정!$B$6,"0.0")&"↓",IF(T34<설정!$B$4,"유지관리",IF(T34>설정!$B$5,"NG(V)"&TEXT(설정!$B$5,"0.0")&"↑","GOOD"))) -> 유지관리 | V34: =IF(AND(LEFT(U34,2)="NG",F34>=설정!$B$8),"구배10.0%이상",U34) -> 유지관리 | W34: =입력!H34-입력!F34-입력!E34/1000 -> 0.8 | X34: =IF(W34<설정!$B$7-0.0005,"NG","GOOD") -> NG

Sheet 검증
A1: 검증: 엑셀 계산 vs PipeTools 결과(rpt) vs 종단 편집기
A2: PipeTools 값은 사용자가 올린 rpt 시트에서 읽은 값(파란 글씨). 차이 = 엑셀 − PipeTools. 아래 허용 오차는 실제 관찰된 차이에 맞춘 값입니다.
A3: 참고: PipeTools 만관유량은 이 식보다 약 0.02% 크게 나오고(예: BC-05 0.061776 → 0.061790), 수심·유속도 소수 몇째 자리 차이가 납니다. PipeTools 내부 식은 확인하지 못해 원인은 확정하지 못했고, 판정(여유율·유속·토피)에는 영향이 없습니다.
A4: 관로 | B4: 경사 [‰] 엑셀 | C4: 경사 [‰] PipeTools | D4: 차이 | E4: 만관유량 [m³/s] 엑셀 | F4: 만관유량 [m³/s] PipeTools | G4: 차이 | H4: 유량 Q [m³/s] 엑셀 | I4: 유량 Q [m³/s] PipeTools | J4: 차이 | K4: 실유속 [m/s] 엑셀 | L4: 실유속 [m/s] PipeTools | M4: 차이 | N4: 수심 [m] 엑셀 | O4: 수심 [m] PipeTools | P4: 차이 | Q4: 유량비 [%] 엑셀 | R4: 유량비 [%] PipeTools | S4: 차이 | T4: 수심비 [%] 엑셀 | U4: 수심비 [%] PipeTools | V4: 차이 | W4: 여유율 판정 엑셀 | X4: 여유율 판정 PipeTools | Y4: 일치 | Z4: 유속 판정 엑셀 | AA4: 유속 판정 PipeTools | AB4: 일치 | AC4: 토피 판정 엑셀 | AD4: 토피 판정 PipeTools | AE4: 일치 | AF4: 앱 실유속 [m/s] | AG4: 엑셀−앱 V | AH4: 앱 Q [m³/s] | AI4: 엑셀−앱 Q
A5: =계산!A5 -> BC-01 | B5: =계산!F5 -> 13 | C5: 13 | D5: =B5-C5 -> 2.5579538e-13 | E5: =계산!H5 -> 0.044195244 | F5: 0.044199976 | G5: =E5-F5 -> -4.732318e-06 | H5: =계산!E5 -> 0.0017890046 | I5: 0.0017890046 | J5: =H5-I5 -> 0 | K5: =계산!M5 -> 0.68839715 | L5: 0.689 | M5: =K5-L5 -> -0.0006028525 | N5: =계산!L5 -> 0.027460839 | O5: 0.0274 | P5: =N5-O5 -> 6.0839204e-05 | Q5: =계산!O5 -> 4.0479574 | R5: 4.048 | S5: =Q5-R5 -> -4.2620657e-05 | T5: =계산!N5 -> 13.73042 | U5: 13.71 | V5: =T5-U5 -> 0.020419602 | W5: =계산!S5 -> GOOD | X5: GOOD | Y5: =IF((W5="GOOD")=(X5="GOOD"),"○","×") -> ○ | Z5: =계산!V5 -> GOOD | AA5: GOOD | AB5: =IF(Z5=AA5,"○","×") -> ○ | AC5: =계산!X5 -> GOOD | AD5: GOOD | AE5: =IF(AC5=AD5,"○","×") -> ○ | AF5: 0.68839715 | AG5: =계산!M5-AF5 -> 1.2627677e-12 | AH5: 0.0017890046 | AI5: =계산!E5-AH5 -> 0
A6: =계산!A6 -> BC-02 | B6: =계산!F6 -> 11.4 | C6: 11.4 | D6: =B6-C6 -> 0 | E6: =계산!H6 -> 0.04138627 | F6: 0.041390296 | G6: =E6-F6 -> -4.026442e-06 | H6: =계산!E6 -> 0.0017890046 | I6: 0.0017890046 | J6: =H6-I6 -> 0 | K6: =계산!M6 -> 0.6574044 | L6: 0.66 | M6: =K6-L6 -> -0.0025956028 | N6: =계산!L6 -> 0.028344865 | O6: 0.0283 | P6: =N6-O6 -> 4.4864957e-05 | Q6: =계산!O6 -> 4.3227009 | R6: 4.322 | S6: =Q6-R6 -> 0.00070085208 | T6: =계산!N6 -> 14.172432 | U6: 14.13 | V6: =T6-U6 -> 0.042432479 | W6: =계산!S6 -> GOOD | X6: GOOD | Y6: =IF((W6="GOOD")=(X6="GOOD"),"○","×") -> ○ | Z6: =계산!V6 -> GOOD | AA6: GOOD | AB6: =IF(Z6=AA6,"○","×") -> ○ | AC6: =계산!X6 -> GOOD | AD6: GOOD | AE6: =IF(AC6=AD6,"○","×") -> ○ | AF6: 0.6574044 | AG6: =계산!M6-AF6 -> -2.090661e-12 | AH6: 0.0017890046 | AI6: =계산!E6-AH6 -> 0
A7: =계산!A7 -> BC-03 | B7: =계산!F7 -> 19.2 | C7: 19.2 | D7: =B7-C7 -> 0 | E7: =계산!H7 -> 0.053709916 | F7: 0.053718347 | G7: =E7-F7 -> -8.4307396e-06 | H7: =계산!E7 -> 0.0017890046 | I7: 0.0017890046 | J7: =H7-I7 -> 0 | K7: =계산!M7 -> 0.78920124 | L7: 0.793 | M7: =K7-L7 -> -0.0037987593 | N7: =계산!L7 -> 0.025002238 | O7: 0.0249 | P7: =N7-O7 -> 0.00010223782 | Q7: =계산!O7 -> 3.3308647 | R7: 3.33 | S7: =Q7-R7 -> 0.0008647079 | T7: =계산!N7 -> 12.501119 | U7: 12.45 | V7: =T7-U7 -> 0.05111891 | W7: =계산!S7 -> GOOD | X7: GOOD | Y7: =IF((W7="GOOD")=(X7="GOOD"),"○","×") -> ○ | Z7: =계산!V7 -> GOOD | AA7: GOOD | AB7: =IF(Z7=AA7,"○","×") -> ○ | AC7: =계산!X7 -> GOOD | AD7: GOOD | AE7: =IF(AC7=AD7,"○","×") -> ○ | AF7: 0.78920124 | AG7: =계산!M7-AF7 -> -3.6315395e-12 | AH7: 0.0017890046 | AI7: =계산!E7-AH7 -> 0
A8: =계산!A8 -> BC-04 | B8: =계산!F8 -> 24.2 | C8: 24.2 | D8: =B8-C8 -> 0 | E8: =계산!H8 -> 0.060299199 | F8: 0.060311941 | G8: =E8-F8 -> -1.274193e-05 | H8: =계산!E8 -> 0.0017890046 | I8: 0.0017890046 | J8: =H8-I8 -> 0 | K8: =계산!M8 -> 0.85580722 | L8: 0.86 | M8: =K8-L8 -> -0.0041927763 | N8: =계산!L8 -> 0.023652814 | O8: 0.0236 | P8: =N8-O8 -> 5.281449e-05 | Q8: =계산!O8 -> 2.9668796 | R8: 2.966 | S8: =Q8-R8 -> 0.00087961331 | T8: =계산!N8 -> 11.826407 | U8: 11.78 | V8: =T8-U8 -> 0.046407245 | W8: =계산!S8 -> GOOD | X8: GOOD | Y8: =IF((W8="GOOD")=(X8="GOOD"),"○","×") -> ○ | Z8: =계산!V8 -> GOOD | AA8: GOOD | AB8: =IF(Z8=AA8,"○","×") -> ○ | AC8: =계산!X8 -> GOOD | AD8: GOOD | AE8: =IF(AC8=AD8,"○","×") -> ○ | AF8: 0.85580722 | AG8: =계산!M8-AF8 -> 1.0947909e-12 | AH8: 0.0017890046 | AI8: =계산!E8-AH8 -> 0
A9: =계산!A9 -> BC-05 | B9: =계산!F9 -> 25.4 | C9: 25.4 | D9: =B9-C9 -> 0 | E9: =계산!H9 -> 0.061776132 | F9: 0.061790105 | G9: =E9-F9 -> -1.3972182e-05 | H9: =계산!E9 -> 0.0017890046 | I9: 0.0017890046 | J9: =H9-I9 -> 0 | K9: =계산!M9 -> 0.87042428 | L9: 0.874 | M9: =K9-L9 -> -0.003575722 | N9: =계산!L9 -> 0.023380359 | O9: 0.0233 | P9: =N9-O9 -> 8.0358678e-05 | Q9: =계산!O9 -> 2.8959479 | R9: 2.895 | S9: =Q9-R9 -> 0.00094793128 | T9: =계산!N9 -> 11.690179 | U9: 11.65 | V9: =T9-U9 -> 0.040179339 | W9: =계산!S9 -> GOOD | X9: GOOD | Y9: =IF((W9="GOOD")=(X9="GOOD"),"○","×") -> ○ | Z9: =계산!V9 -> GOOD | AA9: GOOD | AB9: =IF(Z9=AA9,"○","×") -> ○ | AC9: =계산!X9 -> GOOD | AD9: GOOD | AE9: =IF(AC9=AD9,"○","×") -> ○ | AF9: 0.87042428 | AG9: =계산!M9-AF9 -> 3.8635761e-14 | AH9: 0.0017890046 | AI9: =계산!E9-AH9 -> 0
A10: =계산!A10 -> BC-06 | B10: =계산!F10 -> 10.6 | C10: 10.6 | D10: =B10-C10 -> 0 | E10: =계산!H10 -> 0.039907708 | F10: 0.039911414 | G10: =E10-F10 -> -3.7058824e-06 | H10: =계산!E10 -> 0.0017890046 | I10: 0.0017890046 | J10: =H10-I10 -> 0 | K10: =계산!M10 -> 0.64083308 | L10: 0.643 | M10: =K10-L10 -> -0.0021669155 | N10: =계산!L10 -> 0.028847437 | O10: 0.0288 | P10: =N10-O10 -> 4.7437408e-05 | Q10: =계산!O10 -> 4.4828548 | R10: 4.482 | S10: =Q10-R10 -> 0.00085482537 | T10: =계산!N10 -> 14.423719 | U10: 14.38 | V10: =T10-U10 -> 0.043718704 | W10: =계산!S10 -> GOOD | X10: GOOD | Y10: =IF((W10="GOOD")=(X10="GOOD"),"○","×") -> ○ | Z10: =계산!V10 -> GOOD | AA10: GOOD | AB10: =IF(Z10=AA10,"○","×") -> ○ | AC10: =계산!X10 -> GOOD | AD10: GOOD | AE10: =IF(AC10=AD10,"○","×") -> ○ | AF10: 0.64083308 | AG10: =계산!M10-AF10 -> 2.7322589e-13 | AH10: 0.0017890046 | AI10: =계산!E10-AH10 -> 0
A11: =계산!A11 -> BC-07 | B11: =계산!F11 -> 11.8 | C11: 11.8 | D11: =B11-C11 -> 6.750156e-14 | E11: =계산!H11 -> 0.042106085 | F11: 0.042110279 | G11: =E11-F11 -> -4.1944856e-06 | H11: =계산!E11 -> 0.0017890046 | I11: 0.0017890046 | J11: =H11-I11 -> 0 | K11: =계산!M11 -> 0.66540619 | L11: 0.668 | M11: =K11-L11 -> -0.0025938141 | N11: =계산!L11 -> 0.028109881 | O11: 0.028 | P11: =N11-O11 -> 0.00010988148 | Q11: =계산!O11 -> 4.2488031 | R11: 4.248 | S11: =Q11-R11 -> 0.00080308455 | T11: =계산!N11 -> 14.054941 | U11: 14.02 | V11: =T11-U11 -> 0.034940742 | W11: =계산!S11 -> GOOD | X11: GOOD | Y11: =IF((W11="GOOD")=(X11="GOOD"),"○","×") -> ○ | Z11: =계산!V11 -> GOOD | AA11: GOOD | AB11: =IF(Z11=AA11,"○","×") -> ○ | AC11: =계산!X11 -> GOOD | AD11: GOOD | AE11: =IF(AC11=AD11,"○","×") -> ○ | AF11: 0.66540619 | AG11: =계산!M11-AF11 -> 8.5542684e-13 | AH11: 0.0017890046 | AI11: =계산!E11-AH11 -> 0
A12: =계산!A12 -> BC-08 | B12: =계산!F12 -> 18.25 | C12: 18.25 | D12: =B12-C12 -> -7.8159701e-14 | E12: =계산!H12 -> 0.052364299 | F12: 0.052372052 | G12: =E12-F12 -> -7.7535037e-06 | H12: =계산!E12 -> 0.0017890046 | I12: 0.0017890046 | J12: =H12-I12 -> 0 | K12: =계산!M12 -> 0.77529884 | L12: 0.778 | M12: =K12-L12 -> -0.0027011589 | N12: =계산!L12 -> 0.025308697 | O12: 0.0252 | P12: =N12-O12 -> 0.00010869725 | Q12: =계산!O12 -> 3.4164587 | R12: 3.416 | S12: =Q12-R12 -> 0.00045868311 | T12: =계산!N12 -> 12.654349 | U12: 12.61 | V12: =T12-U12 -> 0.044348627 | W12: =계산!S12 -> GOOD | X12: GOOD | Y12: =IF((W12="GOOD")=(X12="GOOD"),"○","×") -> ○ | Z12: =계산!V12 -> GOOD | AA12: GOOD | AB12: =IF(Z12=AA12,"○","×") -> ○ | AC12: =계산!X12 -> GOOD | AD12: GOOD | AE12: =IF(AC12=AD12,"○","×") -> ○ | AF12: 0.77529884 | AG12: =계산!M12-AF12 -> -3.4507952e-12 | AH12: 0.0017890046 | AI12: =계산!E12-AH12 -> 0
A13: =계산!A13 -> BC-09 | B13: =계산!F13 -> 25.862069 | C13: 25.86 | D13: =B13-C13 -> 0.0020689655 | E13: =계산!H13 -> 0.062335506 | F13: 0.062349972 | G13: =E13-F13 -> -1.4466124e-05 | H13: =계산!E13 -> 0.0017890046 | I13: 0.0017890046 | J13: =H13-I13 -> 0 | K13: =계산!M13 -> 0.87593234 | L13: 0.879 | M13: =K13-L13 -> -0.0030676612 | N13: =계산!L13 -> 0.023279703 | O13: 0.0232 | P13: =N13-O13 -> 7.9702665e-05 | Q13: =계산!O13 -> 2.8699609 | R13: 2.869 | S13: =Q13-R13 -> 0.00096086437 | T13: =계산!N13 -> 11.639851 | U13: 11.6 | V13: =T13-U13 -> 0.039851332 | W13: =계산!S13 -> GOOD | X13: GOOD | Y13: =IF((W13="GOOD")=(X13="GOOD"),"○","×") -> ○ | Z13: =계산!V13 -> GOOD | AA13: GOOD | AB13: =IF(Z13=AA13,"○","×") -> ○ | AC13: =계산!X13 -> GOOD | AD13: GOOD | AE13: =IF(AC13=AD13,"○","×") -> ○ | AF13: 0.87593234 | AG13: =계산!M13-AF13 -> -7.4862339e-13 | AH13: 0.0017890046 | AI13: =계산!E13-AH13 -> 0
A14: =계산!A14 -> BC-10 | B14: =계산!F14 -> 16.333333 | C14: 16.33 | D14: =B14-C14 -> 0.0033333333 | E14: =계산!H14 -> 0.049538319 | F14: 0.049544836 | G14: =E14-F14 -> -6.5165044e-06 | H14: =계산!E14 -> 0.0017890046 | I14: 0.0017890046 | J14: =H14-I14 -> 0 | K14: =계산!M14 -> 0.74574014 | L14: 0.747 | M14: =K14-L14 -> -0.0012598565 | N14: =계산!L14 -> 0.025992538 | O14: 0.0259 | P14: =N14-O14 -> 9.2538382e-05 | Q14: =계산!O14 -> 3.6113551 | R14: 3.611 | S14: =Q14-R14 -> 0.00035510451 | T14: =계산!N14 -> 12.996269 | U14: 12.97 | V14: =T14-U14 -> 0.026269191 | W14: =계산!S14 -> GOOD | X14: GOOD | Y14: =IF((W14="GOOD")=(X14="GOOD"),"○","×") -> ○ | Z14: =계산!V14 -> GOOD | AA14: GOOD | AB14: =IF(Z14=AA14,"○","×") -> ○ | AC14: =계산!X14 -> NG | AD14: NG | AE14: =IF(AC14=AD14,"○","×") -> ○ | AF14: 0.74574014 | AG14: =계산!M14-AF14 -> -2.0383695e-13 | AH14: 0.0017890046 | AI14: =계산!E14-AH14 -> 0
A15: =계산!A15 -> BC-11 | B15: =계산!F15 -> 11.5 | C15: 11.5 | D15: =B15-C15 -> 0 | E15: =계산!H15 -> 0.041567392 | F15: 0.04157146 | G15: =E15-F15 -> -4.0682827e-06 | H15: =계산!E15 -> 0.0017890046 | I15: 0.0017890046 | J15: =H15-I15 -> 0 | K15: =계산!M15 -> 0.65942182 | L15: 0.662 | M15: =K15-L15 -> -0.0025781844 | N15: =계산!L15 -> 0.02828516 | O15: 0.0282 | P15: =N15-O15 -> 8.5160465e-05 | Q15: =계산!O15 -> 4.3038655 | R15: 4.303 | S15: =Q15-R15 -> 0.00086546465 | T15: =계산!N15 -> 14.14258 | U15: 14.11 | V15: =T15-U15 -> 0.032580232 | W15: =계산!S15 -> GOOD | X15: GOOD | Y15: =IF((W15="GOOD")=(X15="GOOD"),"○","×") -> ○ | Z15: =계산!V15 -> GOOD | AA15: GOOD | AB15: =IF(Z15=AA15,"○","×") -> ○ | AC15: =계산!X15 -> GOOD | AD15: GOOD | AE15: =IF(AC15=AD15,"○","×") -> ○ | AF15: 0.65942182 | AG15: =계산!M15-AF15 -> 8.293366e-13 | AH15: 0.0017890046 | AI15: =계산!E15-AH15 -> 0
A16: =계산!A16 -> BC-12 | B16: =계산!F16 -> 13.5 | C16: 13.5 | D16: =B16-C16 -> 0 | E16: =계산!H16 -> 0.045037134 | F16: 0.045042103 | G16: =E16-F16 -> -4.9694712e-06 | H16: =계산!E16 -> 0.0017890046 | I16: 0.0017890046 | J16: =H16-I16 -> 0 | K16: =계산!M16 -> 0.69756759 | L16: 0.698 | M16: =K16-L16 -> -0.00043241313 | N16: =계산!L16 -> 0.027212197 | O16: 0.0272 | P16: =N16-O16 -> 1.2196961e-05 | Q16: =계산!O16 -> 3.972288 | R16: 3.972 | S16: =Q16-R16 -> 0.00028795238 | T16: =계산!N16 -> 13.606098 | U16: 13.6 | V16: =T16-U16 -> 0.0060984807 | W16: =계산!S16 -> GOOD | X16: GOOD | Y16: =IF((W16="GOOD")=(X16="GOOD"),"○","×") -> ○ | Z16: =계산!V16 -> GOOD | AA16: GOOD | AB16: =IF(Z16=AA16,"○","×") -> ○ | AC16: =계산!X16 -> GOOD | AD16: GOOD | AE16: =IF(AC16=AD16,"○","×") -> ○ | AF16: 0.69756759 | AG16: =계산!M16-AF16 -> -2.2775115e-12 | AH16: 0.0017890046 | AI16: =계산!E16-AH16 -> 0
... A34: =계산!A34 -> BC-30 | B34: =계산!F34 -> 3.5714286 | C34: 3.57 | D34: =B34-C34 -> 0.0014285714 | E34: =계산!H34 -> 0.023164602 | F34: 0.023166176 | G34: =E34-F34 -> -1.574232e-06 | H34: =계산!E34 -> 0.0017890046 | I34: 0.0017890046 | J34: =H34-I34 -> 0 | K34: =계산!M34 -> 0.4370643 | L34: 0.438 | M34: =K34-L34 -> -0.00093570027 | N34: =계산!L34 -> 0.037599143 | O34: 0.0375 | P34: =N34-O34 -> 9.9143125e-05 | Q34: =계산!O34 -> 7.7230105 | R34: 7.722 | S34: =Q34-R34 -> 0.0010104596 | T34: =계산!N34 -> 18.799572 | U34: 18.77 | V34: =T34-U34 -> 0.029571563 | W34: =계산!S34 -> GOOD | X34: GOOD | Y34: =IF((W34="GOOD")=(X34="GOOD"),"○","×") -> ○ | Z34: =계산!V34 -> 유지관리 | AA34: 유지관리 | AB34: =IF(Z34=AA34,"○","×") -> ○ | AC34: =계산!X34 -> NG | AD34: NG | AE34: =IF(AC34=AD34,"○","×") -> ○ | AF34: 0.4370643 | AG34: =계산!M34-AF34 -> 4.6518345e-13 | AH34: 0.0017890046 | AI34: =계산!E34-AH34 -> 0
A36: 최대 |차이| | D36: =MAX(MAX(D5:D34),-MIN(D5:D34)) -> 0.0033333333 | G36: =MAX(MAX(G5:G34),-MIN(G5:G34)) -> 1.4466124e-05 | J36: =MAX(MAX(J5:J34),-MIN(J5:J34)) -> 0 | M36: =MAX(MAX(M5:M34),-MIN(M5:M34)) -> 0.0042117312 | P36: =MAX(MAX(P5:P34),-MIN(P5:P34)) -> 0.00016689732 | S36: =MAX(MAX(S5:S34),-MIN(S5:S34)) -> 0.0011080887 | V36: =MAX(MAX(V5:V34),-MIN(V5:V34)) -> 0.093448659 | Y36: =COUNTIF(Y5:Y34,"○")&" / 30 일치" -> 30 / 30 일치 | AB36: =COUNTIF(AB5:AB34,"○")&" / 30 일치" -> 30 / 30 일치 | AE36: =COUNTIF(AE5:AE34,"○")&" / 30 일치" -> 30 / 30 일치
A37: 허용 오차 (rpt 반올림) | D37: 0.05 | G37: 2e-05 | J37: 5e-07 | M37: 0.005 | P37: 0.0002 | S37: 0.002 | V37: 0.1
A38: 허용 이내 | D38: =IF(D36<=D37+0.0000000001,"○","×") -> ○ | G38: =IF(G36<=G37+0.0000000001,"○","×") -> ○ | J38: =IF(J36<=J37+0.0000000001,"○","×") -> ○ | M38: =IF(M36<=M37+0.0000000001,"○","×") -> ○ | P38: =IF(P36<=P37+0.0000000001,"○","×") -> ○ | S38: =IF(S36<=S37+0.0000000001,"○","×") -> ○ | V38: =IF(V36<=V37+0.0000000001,"○","×") -> ○
