Workbook
Name 내선전공: #REF!
Name 보통인부: #REF!
Name 프랜트전공: #REF!

Sheet 공기산정
A1: 공사기간 산정
A3: 1. | D3: 공사기간 | G3: 45474 | J3: 45565 | U3: =J3-G3 -> 91
D4: 공사기간 | G4: ="준비기간("&T6&") + 비작업일수("&T15&") + 작업일수("&T36&") + 정리기간("&T38&")" -> 준비기간(2) + 비작업일수(7) + 작업일수(17) + 정리기간(2) | U4: =T6+T15+T36+T38 -> 28 | V4: 일
B6: 가. | D6: 준비기간 | T6: 2 | U6: 일
D7: [참고] 공사 유형별 준비기간 예시
D8: 공종 | G8: 준비기간 | I8: 공종 | K8: 준비기간
D9: 공동주택 | G9: 30일 | I9: 강교가설공사 | K9: 90일
D10: 도로개량공사 | G10: 40일 | I10: PC교량 공사 | K10: 70일
D11: 포장공사(신설) | G11: 50일 | I11: 교량보수공사 | K11: 60일
D12: 포장공사(수선) | G12: 60일 | I12: 하천공사 | K12: 40일
D13: 공동구공사 | G13: 80일 | I13: 항만공사 | K13: 40일
B15: 나. | D15: 비작업일수 | T15: =U27 -> 7 | U15: 일
C16: 1) 비작업일수 (A+B-C) | I16: =ROUND(U23,0) -> 4 | J16: + | K16: =U24 -> 4 | L16: - | M16: =U26 -> 1 | N16: = | O16: =I16+K16-M16 -> 7
D17: 구 분 | F17: 7월 | U17: 소 계 | V17: 비고 | Y17: 번호 | Z17: 지역 | AA17: 구분 | AB17: 월평균 기상데이터 | AN17: 소계
D18: 달력일수 | E18: 2024 | F18: 28 | U18: =SUM(F18:T18) -> 28 | AB18: 1월 | AC18: 2월 | AD18: 3월 | AE18: 4월 | AF18: 5월 | AG18: 6월 | AH18: 7월 | AI18: 8월 | AJ18: 9월 | AK18: 10월 | AL18: 11월 | AM18: 12월
D19: 혹서기 | F19: ='별표2-비작업일수'!J5 -> 0.6 | U19: =SUM(F19:T19) -> 0.6 | X19: 별표2 참조 | Y19: 84 | Z19: 서귀포 | AA19: 혹서기 | AB19: ='별표2-비작업일수'!D6 -> 0 | AC19: ='별표2-비작업일수'!E6 -> 0 | AD19: ='별표2-비작업일수'!F6 -> 0 | AE19: ='별표2-비작업일수'!G6 -> 0 | AF19: ='별표2-비작업일수'!H6 -> 0 | AG19: ='별표2-비작업일수'!I6 -> 0 | AH19: ='별표2-비작업일수'!J6 -> 0.2 | AI19: ='별표2-비작업일수'!K6 -> 0.2 | ... AM19: ='별표2-비작업일수'!O6 -> 0 | AN19: =SUM(AB19:AM19) -> 0.4
D20: 동절기 | F20: ='별표2-비작업일수'!J7 -> 0 | U20: =SUM(F20:T20) -> 0 | X20: 별표2 참조 | AA20: 동절기 | AB20: ='별표2-비작업일수'!D8 -> 0.2 | AC20: ='별표2-비작업일수'!E8 -> 0 | AD20: ='별표2-비작업일수'!F8 -> 0 | AE20: ='별표2-비작업일수'!G8 -> 0 | AF20: ='별표2-비작업일수'!H8 -> 0 | AG20: ='별표2-비작업일수'!I8 -> 0 | AH20: ='별표2-비작업일수'!J8 -> 0 | AI20: ='별표2-비작업일수'!K8 -> 0 | ... AM20: ='별표2-비작업일수'!O8 -> 0.2 | AN20: =SUM(AB20:AM20) -> 0.4
D21: 강 우 | F21: ='별표2-비작업일수'!J13 -> 3.1 | U21: =SUM(F21:T21) -> 3.1 | X21: 별표2 참조 | AA21: 강 우 | AB21: ='별표2-비작업일수'!D13 -> 0.5 | AC21: ='별표2-비작업일수'!E13 -> 1.3 | AD21: ='별표2-비작업일수'!F13 -> 2.4 | AE21: ='별표2-비작업일수'!G13 -> 3.7 | AF21: ='별표2-비작업일수'!H13 -> 2.7 | AG21: ='별표2-비작업일수'!I13 -> 4.8 | AH21: ='별표2-비작업일수'!J13 -> 3.1 | AI21: ='별표2-비작업일수'!K13 -> 4.2 | ... AM21: ='별표2-비작업일수'!O13 -> 0.9 | AN21: 29.2
D22: 바 람 | F22: ='별표2-비작업일수'!J14 -> 0.4 | U22: =SUM(F22:T22) -> 0.4 | X22: 별표2 참조 | AA22: 바 람 | AB22: ='별표2-비작업일수'!D14 -> 0.7 | AC22: ='별표2-비작업일수'!E14 -> 0.4 | AD22: ='별표2-비작업일수'!F14 -> 1.4 | AE22: ='별표2-비작업일수'!G14 -> 1.5 | AF22: ='별표2-비작업일수'!H14 -> 0.5 | AG22: ='별표2-비작업일수'!I14 -> 0.4 | AH22: ='별표2-비작업일수'!J14 -> 0.4 | AI22: ='별표2-비작업일수'!K14 -> 1.7 | ... AM22: ='별표2-비작업일수'!O14 -> 1.1 | AN22: =SUM(AB22:AM22) -> 10.4
D23: 소계(A) | F23: =ROUND(SUM(F19:F22),0) -> 4 | U23: =SUM(F23:T23) -> 4 | AA23: 적 용 | AB23: =SUM(AB19:AB22) -> 1.4 | AC23: =SUM(AC19:AC22) -> 1.7 | AD23: =SUM(AD19:AD22) -> 3.8 | AE23: =SUM(AE19:AE22) -> 5.2 | AF23: =SUM(AF19:AF22) -> 3.2 | AG23: =SUM(AG19:AG22) -> 5.2 | AH23: =SUM(AH19:AH22) -> 3.7 | AI23: =SUM(AI19:AI22) -> 6.1 | ... AM23: =SUM(AM19:AM22) -> 2.2 | AN23: =SUM(AB23:AM23) -> 40.4
D24: 공휴일수(B) | E24: 2024 | F24: ='별표1-공유일'!I9 -> 4 | U24: =SUM(F24:T24) -> 4 | X24: 별표1 참조
D25: 중복일수© | F25: =ROUND(F23*F24/F18,0) -> 1 | U25: =SUM(F25:T25) -> 1 | Y25: 번호 | Z25: 지역 | AA25: 년 | AB25: 월평균 기상데이터 | AN25: 소계
D26: 적용 | F26: =ROUND(F25,0) -> 1 | U26: =SUM(F26:T26) -> 1 | AB26: 1월 | AC26: 2월 | AD26: 3월 | AE26: 4월 | AF26: 5월 | AG26: 6월 | AH26: 7월 | AI26: 8월 | AJ26: 9월 | AK26: 10월 | AL26: 11월 | AM26: 12월
D27: 비작업일수 | F27: =ROUND(F23+F24-F26,0) -> 7 | U27: =SUM(F27:T27) -> 7 | Y27: 85 | Z27: 제주 | AA27: 혹서기 | AB27: ='별표2-비작업일수'!D20 -> 0 | AC27: ='별표2-비작업일수'!E20 -> 0 | AD27: ='별표2-비작업일수'!F20 -> 0 | AE27: ='별표2-비작업일수'!G20 -> 0 | AF27: ='별표2-비작업일수'!H20 -> 0 | AG27: ='별표2-비작업일수'!I20 -> 0 | AH27: ='별표2-비작업일수'!J20 -> 0.9 | AI27: ='별표2-비작업일수'!K20 -> 0.7 | ... AM27: ='별표2-비작업일수'!O20 -> 0 | AN27: =SUM(AB27:AM27) -> 1.6
D28: 작업일수 | F28: =F18-F27 -> 21 | U28: =SUM(F28:T28) -> 21 | AA28: 동절기 | AB28: ='별표2-비작업일수'!D22 -> 0.2 | AC28: ='별표2-비작업일수'!E22 -> 0.1 | AD28: ='별표2-비작업일수'!F22 -> 0 | AE28: ='별표2-비작업일수'!G22 -> 0 | AF28: ='별표2-비작업일수'!H22 -> 0 | AG28: ='별표2-비작업일수'!I22 -> 0 | AH28: ='별표2-비작업일수'!J22 -> 0 | AI28: ='별표2-비작업일수'!K22 -> 0 | ... AM28: ='별표2-비작업일수'!O22 -> 0 | AN28: =SUM(AB28:AM28) -> 0.3
D29: 가동률(%) | F29: =ROUND(F28/F18,3) -> 0.75 | U29: =ROUND(U28/U18,3) -> 0.75 | AA29: 강 우 | AB29: ='별표2-비작업일수'!D27 -> 0.9 | AC29: ='별표2-비작업일수'!E27 -> 1.1 | AD29: ='별표2-비작업일수'!F27 -> 1.4 | AE29: ='별표2-비작업일수'!G27 -> 1.4 | AF29: ='별표2-비작업일수'!H27 -> 1.2 | AG29: ='별표2-비작업일수'!I27 -> 3.1 | AH29: ='별표2-비작업일수'!J27 -> 2.1 | AI29: ='별표2-비작업일수'!K27 -> 3.3 | ... AM29: ='별표2-비작업일수'!O27 -> 0.5 | AN29: 29.2
D30: 혹서기 : 35°C 이상 | AA30: 바 람 | AB30: ='별표2-비작업일수'!D28 -> 6 | AC30: ='별표2-비작업일수'!E28 -> 4.8 | AD30: ='별표2-비작업일수'!F28 -> 5.3 | AE30: ='별표2-비작업일수'!G28 -> 4.2 | AF30: ='별표2-비작업일수'!H28 -> 1.9 | AG30: ='별표2-비작업일수'!I28 -> 1.5 | AH30: ='별표2-비작업일수'!J28 -> 3 | AI30: ='별표2-비작업일수'!K28 -> 2.4 | ... AM30: ='별표2-비작업일수'!O28 -> 10.2 | AN30: =SUM(AB30:AM30) -> 47.2
D31: 동절기 : 신적설 5㎝ 이상 | AA31: 적 용 | AB31: =SUM(AB27:AB30) -> 7.1 | AC31: =SUM(AC27:AC30) -> 6 | AD31: =SUM(AD27:AD30) -> 6.7 | AE31: =SUM(AE27:AE30) -> 5.6 | AF31: =SUM(AF27:AF30) -> 3.1 | AG31: =SUM(AG27:AG30) -> 4.6 | AH31: =SUM(AH27:AH30) -> 6 | AI31: =SUM(AI27:AI30) -> 6.4 | ... AM31: =SUM(AM27:AM30) -> 10.7 | AN31: =SUM(AB31:AM31) -> 69.5
D32: 강 우 : 일강수량 20㎜ 이상
D33: 바 람 : 일최대순간풍속 15m/s 이상
C34: 2) 주 40시간 근무제에 따른 비작업일수 = 8일/월 | K34: =ROUND(U4/30,0) -> 1 | L34: x | M34: 8 | N34: = | O34: =K34*M34 -> 8
B36: 다. | D36: 작업일수 | T36: =U28-T6-T38 -> 17 | U36: 일 | X36: 작업일수 참조
B38: 라. | D38: 정리기간 | T38: 2 | U38: 일
D39: * 준공전 1개월의 범위에서 계상

Sheet 별표1-공유일
A1: 별표 1. 법정 공휴일수(2019-2028년)
A2: 번호 | B2: 구분 | C2: 월간 법정공휴일 | O2: 소계
C3: 1월 | D3: 2월 | E3: 3월 | F3: 4월 | G3: 5월 | H3: 6월 | I3: 7월 | J3: 8월 | K3: 9월 | L3: 10월 | M3: 11월 | N3: 12월
A4: 1 | B4: 2019년 | C4: 5 | D4: 7 | E4: 6 | F4: 4 | G4: 6 | H4: 6 | I4: 4 | J4: 5 | K4: 8 | L4: 6 | M4: 4 | N4: 6 | O4: 67
A5: 2 | B5: 2020년 | C5: 8 | D5: 4 | E5: 5 | F5: 5 | G5: 7 | H5: 5 | I5: 4 | J5: 6 | K5: 5 | L5: 8 | M5: 5 | N5: 5 | O5: 67
A6: 3 | B6: 2021년 | C6: 6 | D6: 8 | E6: 5 | F6: 4 | G6: 8 | H6: 4 | I6: 4 | J6: 5 | K6: 7 | L6: 6 | M6: 4 | N6: 5 | O6: 66
A7: 4 | B7: 2022년 | C7: 7 | D7: 6 | E7: 5 | F7: 4 | G7: 6 | H7: 5 | I7: 5 | J7: 5 | K7: 7 | L7: 6 | M7: 4 | N7: 4 | O7: 64
A8: 5 | B8: 2023년 | C8: 8 | D8: 4 | E8: 5 | F8: 5 | G8: 7 | H8: 5 | I8: 5 | J8: 5 | K8: 7 | L8: 8 | M8: 4 | N8: 6 | O8: 69
A9: 6 | B9: 2024년 | C9: 5 | D9: 7 | E9: 6 | F9: 4 | G9: 7 | H9: 6 | I9: 4 | J9: 5 | K9: 8 | L9: 6 | M9: 4 | N9: 6 | O9: 68
A10: 7 | B10: 2025년 | C10: 8 | D10: 4 | E10: 6 | F10: 4 | G10: 7 | H10: 6 | I10: 4 | J10: 6 | K10: 4 | L10: 9 | M10: 5 | N10: 5 | O10: 68
A11: 8 | B11: 2026년 | C11: 5 | D11: 7 | E11: 5 | F11: 4 | G11: 7 | H11: 5 | I11: 4 | J11: 6 | K11: 8 | L11: 6 | M11: 5 | N11: 5 | O11: 67
A12: 9 | B12: 2027년 | C12: 6 | D12: 7 | E12: 5 | F12: 4 | G12: 8 | H12: 4 | I12: 4 | J12: 5 | K12: 7 | L12: 6 | M12: 4 | N12: 5 | O12: 65
A13: 10 | B13: 2028년 | C13: 9 | D13: 4 | E13: 5 | F13: 5 | G13: 7 | H13: 5 | I13: 5 | J13: 5 | K13: 4 | L13: 9 | M13: 4 | N13: 6 | O13: 68
A14: ※ 공휴일은 「관공서의 공휴일에 관한 규정」에 따른 관공서의 공휴일과 「근로기준법」에 따른 근로자의 날을 적용. 단, 공직선거법 제34조에 따른 임기만료에 따른 선거의 선거일과 기타 정부에서 수시 지정하는 날은 매년 불규칙하므로 비작업일수 산정에서 제외
A16: ※ 관공서의 공휴일
A17: · 일요일(52일)
A18: · 명절(6일) : 설 연휴, 추석 연휴(대체공휴일 시행)
A19: · 국경일(4일) : 3·1절, 광복절, 개천절, 한글날
A20: · 기타(5일) : 1월 1일, 5월 5일(대체공휴일 시행), 6월 6일, 부처님 오신 날(음력 4월 8일), 12월 25일
A21: · 공직선거법 제34조에 따른 임기만료에 따른 선거의 선거일
A22: · 기타 정부에서 수시 지정하는 날

Sheet 별표2-비작업일수
A1: 별표 2. 기상상태에 따른 지역별 비작업일수(2008년-2017년)
A3: 번호 | B3: 지역 | C3: 년 | D3: 월평균 기상데이터 | P3: 소계 | Q3: 비 고
D4: 1월 | E4: 2월 | F4: 3월 | G4: 4월 | H4: 5월 | I4: 6월 | J4: 7월 | K4: 8월 | L4: 9월 | M4: 10월 | N4: 11월 | O4: 12월
A5: 84 | B5: 서귀포 | C5: 2021 | D5: 0 | E5: 0 | F5: 0 | G5: 0 | H5: 0 | I5: 0 | J5: 0.6 | K5: 2.6 | L5: 0.1 | M5: 0 | N5: 0 | O5: 0 | P5: =SUM(D5:O5) -> 3.3 | Q5: 혹서기 33°C 이상
C6: 2021 | D6: 0 | E6: 0 | F6: 0 | G6: 0 | H6: 0 | I6: 0 | J6: 0.2 | K6: 0.2 | L6: 0 | M6: 0 | N6: 0 | O6: 0 | P6: =SUM(D6:O6) -> 0.4 | Q6: 혹서기 35°C 이상
C7: 2021 | D7: 0.1 | E7: 0 | F7: 0 | G7: 0 | H7: 0 | I7: 0 | J7: 0 | K7: 0 | L7: 0 | M7: 0 | N7: 0 | O7: 0 | P7: =SUM(D7:O7) -> 0.1 | Q7: 동절기 일최고기온 0°C 이하
C8: 2021 | D8: 0.2 | E8: 0 | F8: 0 | G8: 0 | H8: 0 | I8: 0 | J8: 0 | K8: 0 | L8: 0 | M8: 0 | N8: 0 | O8: 0.2 | P8: =SUM(D8:O8) -> 0.4 | Q8: 동절기 신적설 5㎝ 이상
C9: 2021 | D9: 0.3 | E9: 0 | F9: 0 | G9: 0 | H9: 0 | I9: 0 | J9: 0 | K9: 0 | L9: 0 | M9: 0 | N9: 0 | O9: 0.2 | P9: =SUM(D9:O9) -> 0.5 | Q9: 동절기 : 일최고기온 0°C 이하 및 신적설 5㎝ 이상
C10: 2021 | D10: 0 | E10: 0 | F10: 0 | G10: 0 | H10: 0 | I10: 0 | J10: 0 | K10: 0 | L10: 0 | M10: 0 | N10: 0 | O10: 0 | P10: =SUM(D10:O10) -> 0 | Q10: 동절기 : 일최저기온 -12°C 이하
C11: 2021 | D11: 2.9 | E11: 4.5 | F11: 4.9 | G11: 6.2 | H11: 4.9 | I11: 8.2 | J11: 6.4 | K11: 8.8 | L11: 6.1 | M11: 3.9 | N11: 4.5 | O11: 2.9 | P11: =SUM(D11:O11) -> 64.2 | Q11: 일강수량 : 5㎜ 이상
C12: 2021 | D12: 1.5 | E12: 2.5 | F12: 3.7 | G12: 5.2 | H12: 4.2 | I12: 6.4 | J12: 5.1 | K12: 6.4 | L12: 5 | M12: 2.7 | N12: 2.9 | O12: 1.4 | P12: 47 | Q12: 일강수량 : 10㎜ 이상
C13: 2021 | D13: 0.5 | E13: 1.3 | F13: 2.4 | G13: 3.7 | H13: 2.7 | I13: 4.8 | J13: 3.1 | K13: 4.2 | L13: 2.3 | M13: 1.8 | N13: 1.5 | O13: 0.9 | P13: 29.2 | Q13: 일강수량 : 20㎜ 이상
C14: 2021 | D14: 0.7 | E14: 0.4 | F14: 1.4 | G14: 1.5 | H14: 0.5 | I14: 0.4 | J14: 0.4 | K14: 1.7 | L14: 0.6 | M14: 1.2 | N14: 0.5 | O14: 1.1 | P14: =SUM(D14:O14) -> 10.4 | Q14: 일최대순간풍속 : 15m/s 이상
C15: 적 용 | D15: =SUM(D5:D14) -> 6.2 | E15: =SUM(E5:E14) -> 8.7 | F15: =SUM(F5:F14) -> 12.4 | G15: =SUM(G5:G14) -> 16.6 | H15: =SUM(H5:H14) -> 12.3 | I15: =SUM(I5:I14) -> 19.8 | J15: =SUM(J5:J14) -> 15.8 | K15: =SUM(K5:K14) -> 23.9 | ... O15: =SUM(O5:O14) -> 6.7 | P15: =SUM(D15:O15) -> 155.5
A17: 번호 | B17: 지역 | C17: 년 | D17: 월평균 기상데이터 | P17: 소계 | Q17: 비 고
D18: 1월 | E18: 2월 | F18: 3월 | G18: 4월 | H18: 5월 | I18: 6월 | J18: 7월 | K18: 8월 | L18: 9월 | M18: 10월 | N18: 11월 | O18: 12월
A19: 85 | B19: 제주 | C19: 2021 | D19: 0 | E19: 0 | F19: 0 | G19: 0 | H19: 0 | I19: 0.1 | J19: 5.2 | K19: 5.2 | L19: 0.2 | M19: 0 | N19: 0 | O19: 0 | P19: =SUM(D19:O19) -> 10.7 | Q19: 혹서기 33°C 이상
C20: 2021 | D20: 0 | E20: 0 | F20: 0 | G20: 0 | H20: 0 | I20: 0 | J20: 0.9 | K20: 0.7 | L20: 0 | M20: 0 | N20: 0 | O20: 0 | P20: 1.6 | Q20: 혹서기 35°C 이상
C21: 2021 | D21: 0 | E21: 0.1 | F21: 0 | G21: 0 | H21: 0 | I21: 0 | J21: 0 | K21: 0 | L21: 0 | M21: 0 | N21: 0 | O21: 0 | P21: =SUM(D21:O21) -> 0.1 | Q21: 동절기 일최고기온 0°C 이하
C22: 2021 | D22: 0.2 | E22: 0.1 | F22: 0 | G22: 0 | H22: 0 | I22: 0 | J22: 0 | K22: 0 | L22: 0 | M22: 0 | N22: 0 | O22: 0 | P22: =SUM(D22:O22) -> 0.3 | Q22: 동절기 신적설 5㎝ 이상
C23: 2021 | D23: 0.2 | E23: 0.2 | F23: 0 | G23: 0 | H23: 0 | I23: 0 | J23: 0 | K23: 0 | L23: 0 | M23: 0 | N23: 0 | O23: 0 | P23: =SUM(D23:O23) -> 0.4 | Q23: 동절기 : 일최고기온 0°C 이하 및 신적설 5㎝ 이상
C24: 2021 | D24: 0 | E24: 0 | F24: 0 | G24: 0 | H24: 0 | I24: 0 | J24: 0 | K24: 0 | L24: 0 | M24: 0 | N24: 0 | O24: 0 | P24: =SUM(D24:O24) -> 0 | Q24: 동절기 : 일최저기온 -12°C 이하
C25: 2021 | D25: 3 | E25: 3.8 | F25: 4.7 | G25: 5.4 | H25: 3.9 | I25: 6.3 | J25: 5.1 | K25: 6.5 | L25: 5.1 | M25: 3.7 | N25: 4.4 | O25: 3.4 | P25: =SUM(D25:O25) -> 55.3 | Q25: 일강수량 : 5㎜ 이상
C26: 2021 | D26: 1.8 | E26: 2.2 | F26: 3.1 | G26: 3.5 | H26: 2.6 | I26: 4.9 | J26: 3.8 | K26: 5.5 | L26: 3.8 | M26: 2.9 | N26: 2.8 | O26: 1.4 | P26: =SUM(D26:O26) -> 38.3 | Q26: 일강수량 : 10㎜ 이상
C27: 2021 | D27: 0.9 | E27: 1.1 | F27: 1.4 | G27: 1.4 | H27: 1.2 | I27: 3.1 | J27: 2.1 | K27: 3.3 | L27: 2.3 | M27: 1.7 | N27: 1.4 | O27: 0.5 | P27: =SUM(D27:O27) -> 20.4 | Q27: 일강수량 : 20㎜ 이상
C28: 2021 | D28: 6 | E28: 4.8 | F28: 5.3 | G28: 4.2 | H28: 1.9 | I28: 1.5 | J28: 3 | K28: 2.4 | L28: 0.7 | M28: 2.4 | N28: 4.8 | O28: 10.2 | P28: =SUM(D28:O28) -> 47.2 | Q28: 일최대순간풍속 : 15m/s 이상
C29: 적 용 | D29: =SUM(D19:D28) -> 12.1 | E29: =SUM(E19:E28) -> 12.3 | F29: =SUM(F19:F28) -> 14.5 | G29: =SUM(G19:G28) -> 14.5 | H29: =SUM(H19:H28) -> 9.6 | I29: =SUM(I19:I28) -> 15.9 | J29: =SUM(J19:J28) -> 20.1 | K29: =SUM(K19:K28) -> 23.6 | ... O29: =SUM(O19:O28) -> 15.5 | P29: =SUM(D29:O29) -> 174.3
